Title,Year,ID,Director 1,Director 2,Lead Actor,Supporting Actor,Genre 1,Genre 2,Genre 3,Length,ID,Jon,Shukanth,RT,iMDB,MC,Jake,Jeff,Letterboxd Link
300,2006,,Zack Snyder,,,,Action,,,117,,,,,,,4,4,http://letterboxd.com/film/300/
2046,2004,,Wong Kar-wai,,,,Asian,,,129,,,,,,,,4,http://letterboxd.com/film/2046/
8/1/2002,1963,,Federico Fellini,,,,Cerebral,,,138,,,,,,,,,
(500) Days of Summer,2009,,Marc Webb,,,,Drama,,,95,,,,,,,3.5,,http://letterboxd.com/film/500-days-of-summer/
10 Things I Hate About You,1999,,Gil Junger,,,,Comedy,,,97,,,,,,,3.5,4,http://letterboxd.com/film/10-things-i-hate-about-you/
12 Monkeys,1995,,Terry Gilliam,,,,Science Fiction,,,129,,,,,,,,,
13 Assassins,2010,,Takashi Miike,,,,Asian,,,141,,,,,,,4,4,http://letterboxd.com/film/13-assassins/
21 Grams,2003,,Alejandro González Iñárritu,,,,Suspense,,,124,,,,,,,,4,http://letterboxd.com/film/21-grams/
28 Days Later,2002,,Danny Boyle,,,,Horror,,,113,,,,,,,4,,http://letterboxd.com/film/28-days-later/
50/50,2011,,Jonathan Levine,,,,Drama,,,100,,,,,,,3.5,4.5,http://letterboxd.com/film/50-50/
A Clockwork Orange,1971,,Stanley Kubrick,,,,Science Fiction,,,136,,,,,,,,,
A Prophet,2009,,Jacques Audiard,,,,Suspense,,,155,,,,,,,,,
A Scanner Darkly,2006,,Richard Linklater,,,,Cerebral,,,100,,,,,,,,,
A Separation,2011,,Asghar Farhadi,,,,Drama,,,123,,,,,,,,,
Fruitvale Station,2013,,,,,,,,,,,,,93,75,85,,5,http://letterboxd.com/film/fruitvale-station/
A Serious Man,2009,,Coen Brothers,,,,Comedy,,,106,,,,,,,,,
A Very Long Engagement,2004,,Jean-Pierre Jeunet,,,,Drama,,,,,,,,,,,,
Gravity,2013,,,,,,,,,,,,,97,81,,5,5,http://letterboxd.com/film/gravity-2013/
Akira,1988,,Katsuhiro Ohtomo,,,,Anime,,,124,,,,,,,4.5,,http://letterboxd.com/film/akira/
Alien,1979,,Ridley Scott,,,,Science Fiction,,,117,,,,,,,5,,http://letterboxd.com/film/alien/
Aliens,1986,,James Cameron,,,,Science Fiction,,,137,,,,,,,4.5,4.5,http://letterboxd.com/film/aliens/
Inland Empire,2006,,,,,,,,,,,,,72,,72,,5,http://letterboxd.com/film/inland-empire/
All the Real Girls,2003,,David Gordon Green,,,,Drama,,,108,,,,,,,,4,http://letterboxd.com/film/all-the-real-girls/
Almost Famous,2000,,Cameron Crowe,,,,Drama,,,122,,,,,,,3.5,4.5,http://letterboxd.com/film/almost-famous/
Amelie,2001,,Jean-Pierre Jeunet,,Audrey Tautou,Mathieu Kassovitz,Comedy,Romance,,122,tt1378836,5,,88,85,69,,5,http://letterboxd.com/film/amelie/
American Beauty,1999,,Sam Mendes,,,,Drama,,,122,,,,,,,4,3.5,http://letterboxd.com/film/american-beauty/
American History X,1998,,Tony Kaye,,,,Action,,,119,,,,,,,4.5,4,http://letterboxd.com/film/american-history-x/
American Psycho,2000,,Mary Harron,,,,Action,,,102,,,,,,,4.5,,http://letterboxd.com/film/american-psycho/
Amores Perros,2000,,Alejandro González Iñárritu,,,,Suspense,,,154,,,,,,,,4.5,http://letterboxd.com/film/amores-perros/
Annie Hall,1977,,Woody Allen,,Woody Allen,Diane Keaton,Comedy,Drama,Romance,93,tt0075686,,,98,82,,,5,http://letterboxd.com/film/annie-hall/
Apocalypto,2006,,Mel Gibson,,,,Action,,,139,,,,,,,4,4,http://letterboxd.com/film/apocalypto/
Army of Darkness,1992,,Sam Raimi,,,,Comedy,,,81,,,,,,,3.5,4,http://letterboxd.com/film/army-of-darkness/
As Tears Go By,1988,,Wong Kar-wai,,Andy Lau,Maggie Cheung,Crime,Drama,Romance,102,tt0096461,,,80,71,71,,5,http://letterboxd.com/film/as-tears-go-by/
Attack the Block,2011,,Joe Cornish,,,,Science Fiction,,,88,,,,,,,,4,http://letterboxd.com/film/attack-the-block/
Audition,2000,,Takashi Miike,,,,Asian,,,115,,,,,,,4,4,http://letterboxd.com/film/audition/
Bad Boys,1995,,Michael Bay,,,,Action,,,118,,,,,,,4.5,4,http://letterboxd.com/film/bad-boys-1995/
Badlands,1973,,Terrence Malick,,,,Drama,,,94,,,,,,,,4,http://letterboxd.com/film/badlands/
Batman,1989,,Tim Burton,,,,Action,,,126,,,,,,,4.5,4,http://letterboxd.com/film/batman-1989/
Batman Begins,2005,,Christopher Nolan,,Christian Bale,Michael Caine,Action,Crime,Thriller,140,tt0372784,,,85,83,70,5,5,http://letterboxd.com/film/batman-begins/
Batman Returns,1992,,Tim Burton,,,,Action,,,126,,,,,,,4,4,http://letterboxd.com/film/batman-returns/
Teenage Mutant Ninja Turtles,1990,,,,,,,,,,,,,,64,,4,5,http://letterboxd.com/film/teenage-mutant-ninja-turtles/
Be Kind Rewind,2008,,Michel Gondry,,,,Comedy,,,102,,,,,,,,,
The 36th Chamber of Shaolin,1978,,,,,,,,,,,,,,,,,5,http://letterboxd.com/film/the-36th-chamber-of-shaolin/
The Fog of War: Eleven Lessons from the Life of Robert S. McNamara,2003,,,,,,,,,,,,,98,82,87,,5,http://letterboxd.com/film/the-fog-of-war-eleven-lessons-from-the-life-of-robert-s-mcnamara/
The Godfather,1972,,,,,,,,,,,,,100,92,100,5,5,http://letterboxd.com/film/the-godfather/
The Matrix,1999,,,,,,,,,,,,,87,87,73,5,5,http://letterboxd.com/film/the-matrix/
The Royal Tenenbaums,2001,,,,,,,,,,,,,81,76,75,4.5,5,http://letterboxd.com/film/the-royal-tenenbaums/
The Shawshank Redemption,1994,,,,,,,,,,,,,91,93,80,4.5,5,http://letterboxd.com/film/the-shawshank-redemption/
The Sword of Doom,1966,,,,,,,,,,,,,71,81,,5,5,http://letterboxd.com/film/the-sword-of-doom/
The Thin Blue Line,1988,,,,,,,,,,,,,100,81,79,,5,http://letterboxd.com/film/the-thin-blue-line/
Being John Malkovich,1999,,Spike Jonze,,John Cusack,Cameron Diaz,Comedy,Drama,Fantasy,112,tt0120601,,,93,78,90,4,5,http://letterboxd.com/film/being-john-malkovich/
The Big Lebowski,1998,,Coen Brothers,,,,Comedy,,,117,,,,,,,,,
Black Hawk Down,2001,,Ridley Scott,,,,Action,,,144,,,,,,,4.5,4.5,http://letterboxd.com/film/black-hawk-down/
Black Swan,2010,,Darren Aronofsky,,,,Suspense,,,108,,,,,,,,4.5,http://letterboxd.com/film/black-swan/
12 Years a Slave,2013,,,,,,,,,,,,,,,,3.5,4.5,http://letterboxd.com/film/12-years-a-slave/
2001: A Space Odyssey,1968,,,,,,,,,,,,,,,,4.5,4.5,http://letterboxd.com/film/2001-a-space-odyssey/
Block Party,2005,,Michel Gondry,,,,Documentary,,,103,,,,,,,,,
A Separation,2011,,,,,,,,,,,,,,,,,4.5,http://letterboxd.com/film/a-separation/
Ai Weiwei: Never Sorry,2012,,,,,,,,,,,,,,,,,4.5,http://letterboxd.com/film/ai-weiwei-never-sorry/
Blood Simple,1984,,Coen Brothers,,,,Action,,,99,,,,,,,,4,http://letterboxd.com/film/blood-simple/
Blue Valentine,2010,,Derek Cianfrance,,,,Drama,,,112,,,,,,,,4,http://letterboxd.com/film/blue-valentine/
Boiler Room,2000,,Ben Younger,,,,Suspense,,,120,,,,,,,,,
Apocalypse Now,1979,,,,,,,,,,,,,,,,4.5,4.5,http://letterboxd.com/film/apocalypse-now/
Band of Brothers,2001,,,,,,,,,,,,,,,,4.5,4.5,http://letterboxd.com/film/band-of-brothers/
Before Sunrise,1995,,,,,,,,,,,,,,,,,4.5,http://letterboxd.com/film/before-sunrise/
Before Sunset,2004,,,,,,,,,,,,,,,,,4.5,http://letterboxd.com/film/before-sunset/
Boogie Nights,1997,,Paul Thomas Anderson,,,,Drama,,,155,,,,,,,3.5,4.5,http://letterboxd.com/film/boogie-nights/
Bottle Rocket,1996,,Wes Anderson,,Luke Wilson,Owen Wilson,Comedy,Crime,Drama,91,tt0115734,,,84,72,65,4,5,http://letterboxd.com/film/bottle-rocket-1996/
The Bourne Identity,2002,,Doug Liman,,,,Action,,,119,,,,,,,,,
Che: Part One,2008,,,,,,,,,,,,,,,,,4.5,http://letterboxd.com/film/che-part-one/
Bowfinger,1999,,Frank Oz,,,,Comedy,,,97,,,,,,,,,
Brazil,1985,,Terry Gilliam,,,,Science Fiction,,,132,,,,,,,,4,http://letterboxd.com/film/brazil/
Breathless,1960,,Jean-Luc Godard,,Jean Seberg,Jean-Paul Belmondo,Crime,Drama,Romance,90,tt0053472,,,97,80,,3,5,http://letterboxd.com/film/breathless/
Evangelion: 1.0: You Are (Not) Alone,2007,,,,,,,,,,,,,,,,,4.5,http://letterboxd.com/film/evangelion-10-you-are-not-alone/
Brick,2005,,Rian Johnson,,,,Suspense,,,110,,,,,,,,,
Bring It On,2000,,Peyton Reed,,,,Comedy,,,98,,,,,,,,,
Broken Flowers,2005,,Jim Jarmusch,,,,Drama,,,106,,,,,,,,4,http://letterboxd.com/film/broken-flowers/
Buffalo '66,1998,,Vincent Gallo,,,,Drama,,,110,,,,,,,,,
Burn After Reading,2008,,Coen Brothers,,,,Comedy,,,96,,,,,,,,4,http://letterboxd.com/film/burn-after-reading/
Chasing Amy,1997,,Kevin Smith,,,,Comedy,,,113,,,,,,,,4,http://letterboxd.com/film/chasing-amy/
Holy Motors,2012,,,,,,,,,,,,,,,,,4.5,http://letterboxd.com/film/holy-motors/
Che: Part One,2008,,Steven Soderbergh,,,,Action,,,134,,,,,,,,,
J.S.A. Joint Security Area,2000,,,,,,,,,,,,,,,,,4.5,http://letterboxd.com/film/jsa-joint-security-area/
Jiro Dreams of Sushi,2011,,,,,,,,,,,,,,,,4.5,4.5,http://letterboxd.com/film/jiro-dreams-of-sushi/
Juno,2007,,,,,,,,,,,,,,,,2.5,4.5,http://letterboxd.com/film/juno/
Children of Men,2006,,Alfonso Cuarón,,,,Science Fiction,,,109,,,,,,,4,4.5,http://letterboxd.com/film/children-of-men/
Chungking Express,1994,,Wong Kar-wai,,Brigitte Lin,Tony Chiu Wai Leung,Drama,Mystery,Romance,98,tt0109424,,,90,81,77,,5,http://letterboxd.com/film/chungking-express/
City of God,2002,,Fernando Meirelles,,,,Action,,,130,,,,,,,4,4.5,http://letterboxd.com/film/city-of-god/
City on Fire,1987,,Ringo Lam,,,,Asian,,,101,,,,,,,,4,http://letterboxd.com/film/city-on-fire/
Clerks,1994,,Kevin Smith,,Brian O'Halloran,Jeff Anderson,Comedy,,,92,tt0210413,,,88,79,70,3.5,5,http://letterboxd.com/film/clerks/
Clockers,1995,,Spike Lee,,,,Drama,,,128,,,,,,,,,
Closer,2004,,Mike Nichols,,,,Drama,,,104,,,,,,,,,
Clueless,1995,,Amy Heckerling,,,,Comedy,,,97,,,,,,,,,
Coffee and Cigarettes,2003,,Jim Jarmusch,,,,Drama,,,95,,,,,,,,,
Collateral,2004,,Michael Mann,,,,Action,,,120,,,,,,,4.5,4,http://letterboxd.com/film/collateral/
Coming to America,1988,,John Landis,,,,Comedy,,,116,,,,,,,,,
Short Term 12,2013,,,,,,,,,,,,,,,,,4.5,http://letterboxd.com/film/short-term-12-2013/
Confessions of a Dangerous Mind,2002,,George Clooney,,,,Drama,,,113,,,,,,,,4,http://letterboxd.com/film/confessions-of-a-dangerous-mind/
Cowboy Bebop: The Movie,2002,,Shinichirô Watanabe,,,,Anime,,,116,,,,,,,,,
Crouching Tiger Hidden Dragon,2000,,Ang Lee,,Yun-Fat Chow,Michelle Yeoh,Action,Drama,Romance,120,tt0190332,,,97,79,93,4.5,5,http://letterboxd.com/film/crouching-tiger-hidden-dragon/
Dark City,1998,,Alex Proyas,,,,Science Fiction,,,100,,,,,,,3,,http://letterboxd.com/film/dark-city-1998/
The Act of Killing,2012,,,,,,,,,,,,,,,,,4.5,http://letterboxd.com/film/the-act-of-killing/
The Assassination of Jesse James by the Coward Robert Ford,2007,,,,,,,,,,,,,,,,,4.5,http://letterboxd.com/film/the-assassination-of-jesse-james-by-the-coward-robert-ford/
The Dark Knight,2008,,,,,,,,,,,,,,,,5,4.5,http://letterboxd.com/film/the-dark-knight/
The Departed,2006,,,,,,,,,,,,,,,,4.5,4.5,http://letterboxd.com/film/the-departed/
The Godfather: Part II,1974,,,,,,,,,,,,,,,,,4.5,http://letterboxd.com/film/the-godfather-part-ii/
The Hurt Locker,2008,,,,,,,,,,,,,,,,4,4.5,http://letterboxd.com/film/the-hurt-locker/
The Lives of Others,2006,,,,,,,,,,,,,,,,4,4.5,http://letterboxd.com/film/the-lives-of-others/
The Raid 2,2014,,,,,,,,,,,,,,,,5,4.5,http://letterboxd.com/film/the-raid-2/
The Terminator,1984,,,,,,,,,,,,,,,,4.5,4.5,http://letterboxd.com/film/the-terminator/
The Tree of Life,2011,,,,,,,,,,,,,,,,,4.5,http://letterboxd.com/film/the-tree-of-life-2011/
The Wrestler,2008,,,,,,,,,,,,,,,,,4.5,http://letterboxd.com/film/the-wrestler/
Days of Heaven,1978,,Terrence Malick,,,,Drama,,,94,,,,,,,4,4.5,http://letterboxd.com/film/days-of-heaven/
This Is the End,2013,,,,,,,,,,,,,,,,,4.5,http://letterboxd.com/film/this-is-the-end/
Dead or Alive,1999,,Takashi Miike,,,,Action,,,105,,,,,,,,,
Delicatessen,1991,,Jean-Pierre Jeunet,,,,Dark Comedy,,,99,,,,,,,,4,http://letterboxd.com/film/delicatessen/
Twelve Monkeys,1995,,,,,,,,,,,,,,,,5,4.5,http://letterboxd.com/film/twelve-monkeys/
Zero Dark Thirty,2012,,,,,,,,,,,,,,,,3.5,4.5,http://letterboxd.com/film/zero-dark-thirty/
Die Hard,1988,,John McTiernan,,,,Action,,,131,,,,,,,5,4,http://letterboxd.com/film/die-hard/
Do the Right Thing,1989,,Spike Lee,,,,Drama,,,120,,,,,,,3,,http://letterboxd.com/film/do-the-right-thing/
Donnie Darko,2001,,Richard Kelly,,,,Science Fiction,,,113,,,,85,81,71,3.5,5,http://letterboxd.com/film/donnie-darko/
127 Hours,2010,,,,,,,,,,,,,,,,,4,http://letterboxd.com/film/127-hours/
Down by Law,1986,,Jim Jarmusch,,,,Drama,,,107,,,,,,,,,
20 Feet from Stardom,2013,,,,,,,,,,,,,,,,,4,http://letterboxd.com/film/20-feet-from-stardom/
Dr. Strangelove,1964,,Stanley Kubrick,,,,Comedy,,,95,,,,100,85,96,4,5,http://letterboxd.com/film/dr-strangelove-or-how-i-learned-to-stop-worrying-and-love-the-bomb/
25th Hour,2002,,,,,,,,,,,,,,,,,4,http://letterboxd.com/film/25th-hour/
8½,1963,,,,,,,,,,,,,,,,,4,http://letterboxd.com/film/8/
A Clockwork Orange,1971,,,,,,,,,,,,,,,,4,4,http://letterboxd.com/film/a-clockwork-orange/
A Prophet,2009,,,,,,,,,,,,,,,,,4,http://letterboxd.com/film/a-prophet/
A Serious Man,2009,,,,,,,,,,,,,,,,,4,http://letterboxd.com/film/a-serious-man/
A Very Long Engagement,2004,,,,,,,,,,,,,,,,,4,http://letterboxd.com/film/a-very-long-engagement/
Ain't Them Bodies Saints,2013,,,,,,,,,,,,,,,,,4,http://letterboxd.com/film/aint-them-bodies-saints/
El Mariachi,1992,,Robert Rodriguez,,,,Action,,,81,,,,,,,,,
Amadeus,1984,,,,,,,,,,,,,,,,3.5,4,http://letterboxd.com/film/amadeus/
Elephant,2003,,Gus Van Sant,,,,Drama,,,81,,,,,,,,4,http://letterboxd.com/film/elephant-2003/
American Hustle,2013,,,,,,,,,,,,,,,,3.5,4,http://letterboxd.com/film/american-hustle/
Elite Squad: The Enemy Within,2010,,José Padilha,,,,Action,,,115,,,,,,,3.5,4,http://letterboxd.com/film/elite-squad-the-enemy-within/
Argo,2012,,,,,,,,,,,,,,,,3.5,4,http://letterboxd.com/film/argo/
Empire Records,1995,,Allan Moyle,,,,Comedy,,,90,,,,,,,,,
Ashes of Time,1994,,,,,,,,,,,,,,,,,4,http://letterboxd.com/film/ashes-of-time/
Enter the Dragon,1973,,Robert Clouse,,,,Action,,,98,,,,,,,,,
Escaflowne: The Movie,2000,,Kazuki Akane,,,,Anime,,,98,,,,,,,,,
Avatar,2009,,,,,,,,,,,,,,,,4,4,http://letterboxd.com/film/avatar/
Eternal Sunshine of the Spotless Mind,2004,,Michel Gondry,,,,Cerebral,,,108,,,,93,84,89,4.5,5,http://letterboxd.com/film/eternal-sunshine-of-the-spotless-mind/
Fallen Angels,1995,,Wong Kar-wai,,,,Asian,,,96,,,,,77,,2,5,http://letterboxd.com/film/fallen-angels/
Barton Fink,1991,,,,,,,,,,,,,,,,,4,http://letterboxd.com/film/barton-fink/
Fargo,1996,,Coen Brothers,,,,Dark Comedy,,,98,,,,,,,4,4,http://letterboxd.com/film/fargo/
Fear and Loathing in Las Vegas,1998,,Terry Gilliam,,,,Comedy,,,118,,,,,,,4.5,4,http://letterboxd.com/film/fear-and-loathing-in-las-vegas/
Battle Royale,2000,,,,,,,,,,,,,,,,,4,http://letterboxd.com/film/battle-royale/
Beasts of the Southern Wild,2012,,,,,,,,,,,,,,,,2.5,4,http://letterboxd.com/film/beasts-of-the-southern-wild/
Blackfish,2013,,,,,,,,,,,,,,,,,4,http://letterboxd.com/film/blackfish/
Blade Runner,1982,,,,,,,,,,,,,,,,4.5,4,http://letterboxd.com/film/blade-runner/
Fear of a Black Hat,1994,,Rusty Cundieff,,,,Comedy,,,88,,,,,,,,,
Fearless,2006,,Ronny Yu,,,,Asian,,,104,,,,,,,,3.5,http://letterboxd.com/film/fearless-2006/
Blue Velvet,1986,,,,,,,,,,,,,,,,,4,http://letterboxd.com/film/blue-velvet/
Boyz n the Hood,1991,,,,,,,,,,,,,,,,,4,http://letterboxd.com/film/boyz-n-the-hood/
Fight Club,1999,,David Fincher,,,,Action,,,139,,,,,,,5,4.5,http://letterboxd.com/film/fight-club/
Fist of Legend,1994,,Gordon Chan,,,,Asian,,,103,,,,,,,,,
Following,1998,,Christopher Nolan,,,,Suspense,,,69,,,,,,,,,
Carlos,2010,,,,,,,,,,,,,,,,3,4,http://letterboxd.com/film/carlos/
Cars,2006,,,,,,,,,,,,,,,,2.5,4,http://letterboxd.com/film/cars/
Forrest Gump,1994,,Robert Zemeckis,,,,Comedy,,,142,,,,,,,4,4.5,http://letterboxd.com/film/forrest-gump/
Che: Part Two,2008,,,,,,,,,,,,,,,,,4,http://letterboxd.com/film/che-part-two/
Four Lions,2010,,Christopher Morris,,,,Comedy,,,97,,,,,,,,4,http://letterboxd.com/film/four-lions/
Close-Up,1990,,,,,,,,,,,,,,,,,4,http://letterboxd.com/film/close-up/
Friday,1995,,F. Gary Gray,,,,Comedy,,,91,,,,,,,,,
Full Contact,1992,,Ringo Lam,,,,Asian,,,96,,,,,,,,,
Contagion,2011,,,,,,,,,,,,,,,,,4,http://letterboxd.com/film/contagion-2011/
Damsels in Distress,2011,,,,,,,,,,,,,,,,,4,http://letterboxd.com/film/damsels-in-distress/
Dazed and Confused,1993,,,,,,,,,,,,,,,,,4,http://letterboxd.com/film/dazed-and-confused/
Death Proof,2007,,,,,,,,,,,,,,,,5,4,http://letterboxd.com/film/death-proof/
Full Metal Jacket,1987,,Stanley Kubrick,,,,Action,,,116,,,,,,,4,4,http://letterboxd.com/film/full-metal-jacket/
Funny Ha Ha,2005,,Andrew Bujalski,,,,Comedy,,,85,,,,,,,,,
Dog Day Afternoon,1975,,,,,,,,,,,,,,,,,4,http://letterboxd.com/film/dog-day-afternoon/
Dogtown and Z-Boys,2001,,,,,,,,,,,,,,,,,4,http://letterboxd.com/film/dogtown-and-z-boys/
Drinking Buddies,2013,,,,,,,,,,,,,,,,,4,http://letterboxd.com/film/drinking-buddies/
Dumb and Dumber,1994,,,,,,,,,,,,,,,,3.5,4,http://letterboxd.com/film/dumb-and-dumber/
Garden State,2004,,Zach Braff,,,,Drama,,,102,,,,,,,,,
Ghost Dog: The Way of the Samurai,1999,,Jim Jarmusch,,,,Drama,,,116,,,,,,,,4,http://letterboxd.com/film/ghost-dog-the-way-of-the-samurai/
Enemy of the State,1998,,,,,,,,,,,,,,,,,4,http://letterboxd.com/film/enemy-of-the-state/
Evangelion: 2.0 You Can (Not) Advance,2009,,,,,,,,,,,,,,,,3.5,4,http://letterboxd.com/film/evangelion-20-you-can-not-advance/
Exit Through the Gift Shop,2010,,,,,,,,,,,,,,,,4,4,http://letterboxd.com/film/exit-through-the-gift-shop/
Ghost in the Shell,1995,,Mamoru Oshii,,,,Anime,,,83,,,,,,,5,,http://letterboxd.com/film/ghost-in-the-shell/
Fast Food Nation,2006,,,,,,,,,,,,,,,,,4,http://letterboxd.com/film/fast-food-nation/
Ghost in the Shell 2: Innocence,2004,,Mamoru Oshii,,,,Anime,,,100,,,,,,,,,
Ferris Bueller's Day Off,1986,,,,,,,,,,,,,,,,4,4,http://letterboxd.com/film/ferris-buellers-day-off/
Finding Nemo,2003,,,,,,,,,,,,,,,,4,4,http://letterboxd.com/film/finding-nemo/
Flirting with Disaster,1996,,,,,,,,,,,,,,,,,4,http://letterboxd.com/film/flirting-with-disaster/
Ghost World,2001,,Terry Zwigoff,,,,Dark Comedy,,,111,,,,92,75,88,,5,http://letterboxd.com/film/ghost-world/
Gladiator,2000,,Ridley Scott,,,,Action,,,155,,,,,,,5,4.5,http://letterboxd.com/film/gladiator-2000/
Gattaca,1997,,,,,,,,,,,,,,,,3.5,4,http://letterboxd.com/film/gattaca/
George Washington,2000,,,,,,,,,,,,,,,,,4,http://letterboxd.com/film/george-washington/
Go,1999,,Doug Liman,,,,Comedy,,,102,,,,,,,,,
Gimme the Loot,2012,,,,,,,,,,,,,,,,,4,http://letterboxd.com/film/gimme-the-loot/
Glengarry Glen Ross,1992,,,,,,,,,,,,,,,,,4,http://letterboxd.com/film/glengarry-glen-ross/
GoldenEye,1995,,,,,,,,,,,,,,,,4.5,4,http://letterboxd.com/film/goldeneye/
Gone Baby Gone,2007,,,,,,,,,,,,,,,,,4,http://letterboxd.com/film/gone-baby-gone/
Good Will Hunting,1997,,Gus Van Sant,,,,Drama,,,126,,,,,,,4.5,4.5,http://letterboxd.com/film/good-will-hunting/
Goyôkin,1969,,,,,,,,,,,,,,,,,4,http://letterboxd.com/film/goyokin/
Grindhouse,2007,,,,,,,,,,,,,,,,,4,http://letterboxd.com/film/grindhouse/
Goodfellas,1990,,Martin Scorsese,,,,Action,,,146,,,,,,,5,4,http://letterboxd.com/film/goodfellas/
Harakiri,1962,,,,,,,,,,,,,,,,,4,http://letterboxd.com/film/harakiri/
Gozu,2003,,Takashi Miike,,,,Asian,,,130,,,,,,,,,
Her,2013,,,,,,,,,,,,,,,,,4,http://letterboxd.com/film/her/
High Fidelity,2000,,,,,,,,,,,,,,,,3.5,4,http://letterboxd.com/film/high-fidelity/
Grave of the Fireflies,1988,,Isao Takahata,,,,Anime,,,89,,,,97,85,,3,5,http://letterboxd.com/film/grave-of-the-fireflies/
Grindhouse: Death Proof,2007,,Quentin Tarantino,,,,Action,,,114,,,,,,,,,
Grindhouse: Planet Terror,2007,,Robert Rodriguez,,,,Action,,,105,,,,,,,,,
Grizzly Man,2005,,Werner Herzog,,,,Documentary,,,103,,,,,,,4,,http://letterboxd.com/film/grizzly-man/
Inside Llewyn Davis,2013,,,,,,,,,,,,,,,,3.5,4,http://letterboxd.com/film/inside-llewyn-davis/
interMission,2003,,,,,,,,,,,,,,,,,4,http://letterboxd.com/film/intermission/
Jackie Brown,1997,,,,,,,,,,,,,,,,3.5,4,http://letterboxd.com/film/jackie-brown/
Kagemusha,1980,,,,,,,,,,,,,,,,4.5,4,http://letterboxd.com/film/kagemusha/
Groundhog Day,1993,,Harold Ramis,,,,Comedy,,,101,,,,,,,3.5,4.5,http://letterboxd.com/film/groundhog-day/
Killing Them Softly,2012,,,,,,,,,,,,,,,,4.5,4,http://letterboxd.com/film/killing-them-softly/
Half Nelson,2006,,Ryan Fleck,,,,Drama,,,106,,,,,,,,,
Klown,2010,,,,,,,,,,,,,,,,,4,http://letterboxd.com/film/klown/
L.A. Confidential,1997,,,,,,,,,,,,,,,,4,4,http://letterboxd.com/film/la-confidential/
Let the Right One In,2008,,,,,,,,,,,,,,,,4,4,http://letterboxd.com/film/let-the-right-one-in/
Lethal Weapon,1987,,,,,,,,,,,,,,,,4.5,4,http://letterboxd.com/film/lethal-weapon/
Happy Together,1997,,Wong Kar-wai,,,,Asian,,,96,,,,,,,,4,http://letterboxd.com/film/happy-together-1997/
Like Someone in Love,2012,,,,,,,,,,,,,,,,,4,http://letterboxd.com/film/like-someone-in-love/
Hard Boiled,1992,,John Woo,,,,Asian,,,128,,,,,,,4.5,4.5,http://letterboxd.com/film/hard-boiled/
Hard Eight,1996,,Paul Thomas Anderson,,,,Suspense,,,102,,,,,,,,4,http://letterboxd.com/film/hard-eight/
Major Payne,1995,,,,,,,,,,,,,,,,,4,http://letterboxd.com/film/major-payne/
Man on Wire,2008,,,,,,,,,,,,,,,,3.5,4,http://letterboxd.com/film/man-on-wire/
Harold & Kumar Go to White Castle,2004,,Danny Leiner,,,,Comedy,,,88,,,,,,,3,,http://letterboxd.com/film/harold-kumar-go-to-white-castle/
Metropolis,2001,,,,,,,,,,,,,,,,,4,http://letterboxd.com/film/metropolis-2001/
Hearts and Minds,1974,,Peter Davis,,,,Documentary,,,112,,,,,,,,,
Heat,1995,,Michael Mann,,,,Action,,,170,,,,86,83,76,5,5,http://letterboxd.com/film/heat-1995/
Heavenly Creatures,1994,,Peter Jackson,,,,Fantasy,,,99,,,,,,,,,
Hero,2002,,Yimou Zhang,,,,Asian,,,99,,,,,,,4,,http://letterboxd.com/film/hero-2002/
Mud,2012,,,,,,,,,,,,,,,,,4,http://letterboxd.com/film/mud/
Nebraska,2013,,,,,,,,,,,,,,,,,4,http://letterboxd.com/film/nebraska/
New World,2013,,,,,,,,,,,,,,,,,4,http://letterboxd.com/film/new-world/
Ocean's Eleven,2001,,,,,,,,,,,,,,,,3.5,4,http://letterboxd.com/film/oceans-eleven-2001/
Hoop Dreams,1994,,Steve James,,,,Documentary,,,170,,,,,,,,,
Only God Forgives,2013,,,,,,,,,,,,,,,,4.5,4,http://letterboxd.com/film/only-god-forgives/
Oslo August 31st,2011,,,,,,,,,,,,,,,,,4,http://letterboxd.com/film/oslo-august-31st/
Out of Sight,1998,,,,,,,,,,,,,,,,,4,http://letterboxd.com/film/out-of-sight/
Hot Fuzz,2007,,Edgar Wright,,,,Comedy,,,121,,,,,,,3.5,4,http://letterboxd.com/film/hot-fuzz/
Hugo,2011,,Martin Scorsese,,,,Drama,,,126,,,,,,,3,4,http://letterboxd.com/film/hugo/
Pineapple Express,2008,,,,,,,,,,,,,,,,3.5,4,http://letterboxd.com/film/pineapple-express/
Pitch Black,2000,,,,,,,,,,,,,,,,4,4,http://letterboxd.com/film/pitch-black/
Human Nature,2001,,Michel Gondry,,,,Comedy,,,96,,,,,,,,,
I Heart Huckabees,2004,,David O. Russell,,,,Comedy,,,107,,,,,,,,4,http://letterboxd.com/film/i-heart-huckabees/
Ichi the Killer,2001,,Takashi Miike,,,,Asian,,,129,,,,,,,,,
In the Mood for Love,2000,,Wong Kar-wai,,,,Asian,,,98,,,,90,81,85,,5,http://letterboxd.com/film/in-the-mood-for-love/
Inception,2010,,Christopher Nolan,,,,Cerebral,,,148,,,,86,88,74,5,5,http://letterboxd.com/film/inception/
Independence Day,1996,,Roland Emmerich,,,,Science Fiction,,,145,,,,,,,4,4.5,http://letterboxd.com/film/independence-day/
Inglourious Basterds,2009,,Quentin Tarantino,,,,Action,,,153,,,,,,,4.5,4,http://letterboxd.com/film/inglourious-basterds/
Rise of the Planet of the Apes,2011,,,,,,,,,,,,,,,,,4,http://letterboxd.com/film/rise-of-the-planet-of-the-apes/
Into the Wild,2007,,Sean Penn,,,,Drama,,,148,,,,,,,3.5,,http://letterboxd.com/film/into-the-wild/
Invasion of the Body Snatchers,1978,,Philip Kaufman,,,,Science Fiction,,,115,,,,,,,,,
Iron Monkey,1993,,Woo-ping Yuen,,,,Asian,,,90,,,,,,,,,
Safety Not Guaranteed,2012,,,,,,,,,,,,,,,,3.5,4,http://letterboxd.com/film/safety-not-guaranteed/
Secret Sunshine,2007,,,,,,,,,,,,,,,,,4,http://letterboxd.com/film/secret-sunshine/
Jerry Maguire,1996,,Cameron Crowe,,,,Romance,,,139,,,,85,73,77,4,5,http://letterboxd.com/film/jerry-maguire/
Shinsengumi: Assassins of Honor,1969,,,,,,,,,,,,,,,,,4,http://letterboxd.com/film/shinsengumi-assassins-of-honor/
Shotgun Stories,2007,,,,,,,,,,,,,,,,,4,http://letterboxd.com/film/shotgun-stories/
Side Effects,2013,,,,,,,,,,,,,,,,,4,http://letterboxd.com/film/side-effects-2013/
Joint Security Area,2002,,Chan-wook Park,,,,Asian,,,110,,,,,,,,,
Juno,2007,,Jason Reitman,,,,Drama,,,96,,,,,,,,,
Solaris,1972,,,,,,,,,,,,,,,,,4,http://letterboxd.com/film/solaris/
Something from Nothing: The Art of Rap,2012,,,,,,,,,,,,,,,,,4,http://letterboxd.com/film/something-from-nothing-the-art-of-rap/
Speed,1994,,,,,,,,,,,,,,,,4.5,4,http://letterboxd.com/film/speed/
Kill Bill: Vol. 1,2003,,Quentin Tarantino,,,,Action,,,111,,,,82,85,69,5,5,http://letterboxd.com/film/kill-bill-vol-1/
Spring Breakers,2012,,,,,,,,,,,,,,,,,4,http://letterboxd.com/film/spring-breakers/
Spy Game,2001,,,,,,,,,,,,,,,,,4,http://letterboxd.com/film/spy-game/
Star Trek Into Darkness,2013,,,,,,,,,,,,,,,,4,4,http://letterboxd.com/film/star-trek-into-darkness/
Kill Bill: Vol. 2,2004,,Quentin Tarantino,,,,Action,,,136,,,,,,,5,4,http://letterboxd.com/film/kill-bill-vol-2/
Strangers on a Train,1951,,,,,,,,,,,,,,,,,4,http://letterboxd.com/film/strangers-on-a-train/
The Killer,1989,,John Woo,,,,Asian,,,111,,,,,,,,,
Sympathy for Lady Vengeance,2005,,,,,,,,,,,,,,,,,4,http://letterboxd.com/film/sympathy-for-lady-vengeance/
King of Beggars,1992,,Gordon Chan,,,,Asian,,,96,,,,,,,,,
Kiss Kiss Bang Bang,2005,,Shane Black,,,,Action,,,103,,,,,,,4.5,4,http://letterboxd.com/film/kiss-kiss-bang-bang-2005/
Kung Fu Hustle,2004,,Stephen Chow,,,,Asian,,,99,,,,,,,4,,http://letterboxd.com/film/kung-fu-hustle/
Taken,2008,,,,,,,,,,,,,,,,4.5,4,http://letterboxd.com/film/taken/
The Big Lebowski,1998,,,,,,,,,,,,,,,,5,4,http://letterboxd.com/film/the-big-lebowski/
The Blues Brothers,1980,,,,,,,,,,,,,,,,,4,http://letterboxd.com/film/the-blues-brothers/
The Chaser,2008,,,,,,,,,,,,,,,,,4,http://letterboxd.com/film/the-chaser/
The Curious Case of Benjamin Button,2008,,,,,,,,,,,,,,,,3.5,4,http://letterboxd.com/film/the-curious-case-of-benjamin-button/
The Darjeeling Limited,2007,,,,,,,,,,,,,,,,4,4,http://letterboxd.com/film/the-darjeeling-limited/
The Dark Knight Rises,2012,,,,,,,,,,,,,,,,4.5,4,http://letterboxd.com/film/the-dark-knight-rises/
The Emperor's New Groove,2000,,,,,,,,,,,,,,,,,4,http://letterboxd.com/film/the-emperors-new-groove/
The Five Obstructions,2003,,,,,,,,,,,,,,,,,4,http://letterboxd.com/film/the-five-obstructions/
The Fountain,2006,,,,,,,,,,,,,,,,3.5,4,http://letterboxd.com/film/the-fountain/
The Girl with the Dragon Tattoo,2009,,,,,,,,,,,,,,,,4,4,http://letterboxd.com/film/the-girl-with-the-dragon-tattoo/
The Girl with the Dragon Tattoo,2011,,,,,,,,,,,,,,,,4,4,http://letterboxd.com/film/the-girl-with-the-dragon-tattoo-2011/
The Grand Budapest Hotel,2014,,,,,,,,,,,,,,,,,4,http://letterboxd.com/film/the-grand-budapest-hotel/
The Grandmaster,2013,,,,,,,,,,,,,,,,,4,http://letterboxd.com/film/the-grandmaster/
The Hudsucker Proxy,1994,,,,,,,,,,,,,,,,4,4,http://letterboxd.com/film/the-hudsucker-proxy/
The Informant!,2009,,,,,,,,,,,,,,,,3.5,4,http://letterboxd.com/film/the-informant-2009/
The Killer,1989,,,,,,,,,,,,,,,,,4,http://letterboxd.com/film/the-killer/
The King of Kong: A Fistful of Quarters,2007,,,,,,,,,,,,,,,,4,4,http://letterboxd.com/film/the-king-of-kong-a-fistful-of-quarters/
The Last Samurai,2003,,,,,,,,,,,,,,,,4,4,http://letterboxd.com/film/the-last-samurai/
The Long Good Friday,1980,,,,,,,,,,,,,,,,,4,http://letterboxd.com/film/the-long-good-friday/
The Master,2012,,,,,,,,,,,,,,,,,4,http://letterboxd.com/film/the-master-2012/
The Matrix Reloaded,2003,,,,,,,,,,,,,,,,4,4,http://letterboxd.com/film/the-matrix-reloaded/
The Meaning of Life,1983,,,,,,,,,,,,,,,,,4,http://letterboxd.com/film/the-meaning-of-life-1983/
The Others,2001,,,,,,,,,,,,,,,,,4,http://letterboxd.com/film/the-others/
The Passion of the Christ,2004,,,,,,,,,,,,,,,,,4,http://letterboxd.com/film/the-passion-of-the-christ/
The Perks of Being a Wallflower,2012,,,,,,,,,,,,,,,,,4,http://letterboxd.com/film/the-perks-of-being-a-wallflower/
The Place Beyond the Pines,2013,,,,,,,,,,,,,,,,,4,http://letterboxd.com/film/the-place-beyond-the-pines/
The Princess Bride,1987,,,,,,,,,,,,,,,,4,4,http://letterboxd.com/film/the-princess-bride/
The Proposition,2005,,,,,,,,,,,,,,,,,4,http://letterboxd.com/film/the-proposition-2005/
The Raid,2011,,,,,,,,,,,,,,,,5,4,http://letterboxd.com/film/the-raid-2011/
The Rock,1996,,,,,,,,,,,,,,,,5,4,http://letterboxd.com/film/the-rock/
The Seventh Seal,1957,,,,,,,,,,,,,,,,,4,http://letterboxd.com/film/the-seventh-seal/
The Sixth Sense,1999,,,,,,,,,,,,,,,,4,4,http://letterboxd.com/film/the-sixth-sense/
The Skin I Live In,2011,,,,,,,,,,,,,,,,,4,http://letterboxd.com/film/the-skin-i-live-in/
The Social Network,2010,,,,,,,,,,,,,,,,4,4,http://letterboxd.com/film/the-social-network/
The Usual Suspects,1995,,,,,,,,,,,,,,,,5,4,http://letterboxd.com/film/the-usual-suspects/
The Virgin Suicides,1999,,,,,,,,,,,,,,,,,4,http://letterboxd.com/film/the-virgin-suicides/
Thief,1981,,,,,,,,,,,,,,,,,4,http://letterboxd.com/film/thief/
L'Auberge Espagnole,2002,,Cédric Klapisch,,,,Drama,,,122,,,,,,,,,
Three Kings,1999,,,,,,,,,,,,,,,,3.5,4,http://letterboxd.com/film/three-kings/
Tim's Vermeer,2013,,,,,,,,,,,,,,,,,4,http://letterboxd.com/film/tims-vermeer/
Tiny Furniture,2010,,,,,,,,,,,,,,,,,4,http://letterboxd.com/film/tiny-furniture/
To the Wonder,2013,,,,,,,,,,,,,,,,,4,http://letterboxd.com/film/to-the-wonder/
La Femme Nikita,1990,,Luc Besson,,,,Action,,,118,,,,,,,,,
La Haine,1995,,Mathieu Kassovitz,,,,Action,,,98,,,,,,,,,
Lady Vengeance,2005,,Chan-wook Park,,,,Asian,,,112,,,,,,,,,
Trading Places,1983,,,,,,,,,,,,,,,,,4,http://letterboxd.com/film/trading-places/
Leon: The Professional,1994,,Luc Besson,,,,Action,,,110,,,,71,86,,4,5,http://letterboxd.com/film/leon-the-professional/
Letters from Iwo Jima,2006,,Clint Eastwood,,,,Action,,,141,,,,,,,,4,http://letterboxd.com/film/letters-from-iwo-jima/
Little Children,2006,,Todd Field,,,,Drama,,,137,,,,,,,,4.5,http://letterboxd.com/film/little-children/
Valhalla Rising,2009,,,,,,,,,,,,,,,,,4,http://letterboxd.com/film/valhalla-rising/
Lock Stock and Two Smoking Barrels,1998,,Guy Ritchie,,,,Action,,,107,,,,,,,4.5,4,http://letterboxd.com/film/lock-stock-and-two-smoking-barrels/
Watchmen,2009,,,,,,,,,,,,,,,,,4,http://letterboxd.com/film/watchmen/
Way of the Dragon,1972,,,,,,,,,,,,,,,,,4,http://letterboxd.com/film/way-of-the-dragon/
Whatever Works,2009,,,,,,,,,,,,,,,,,4,http://letterboxd.com/film/whatever-works/
When Harry Met Sally...,1989,,,,,,,,,,,,,,,,3.5,4,http://letterboxd.com/film/when-harry-met-sally/
Y tu mamá también,2001,,,,,,,,,,,,,,,,3,4,http://letterboxd.com/film/y-tu-mama-tambien/
Zelig,1983,,,,,,,,,,,,,,,,,4,http://letterboxd.com/film/zelig/
Lost in Translation,2003,,Sofia Coppola,,,,Drama,,,101,,,,95,78,89,3.5,5,http://letterboxd.com/film/lost-in-translation/
A Company Man,2012,,,,,,,,,,,,,,,,,3.5,http://letterboxd.com/film/a-company-man/
After the Wedding,2006,,,,,,,,,,,,,,,,,3.5,http://letterboxd.com/film/after-the-wedding/
Lupin the 3rd: The Castle of Cagliostro,1979,,Hayao Miyazaki,,,,Anime,,,110,,,,,,,,,
Amour,2012,,,,,,,,,,,,,,,,,3.5,http://letterboxd.com/film/amour/
Before Midnight,2013,,,,,,,,,,,,,,,,,3.5,http://letterboxd.com/film/before-midnight/
Braveheart,1995,,,,,,,,,,,,,,,,3.5,3.5,http://letterboxd.com/film/braveheart/
Caché,2005,,,,,,,,,,,,,,,,,3.5,http://letterboxd.com/film/cache/
Captain America: The First Avenger,2011,,,,,,,,,,,,,,,,3,3.5,http://letterboxd.com/film/captain-america-the-first-avenger/
Career Opportunities,1991,,,,,,,,,,,,,,,,,3.5,http://letterboxd.com/film/career-opportunities/
Certified Copy,2010,,,,,,,,,,,,,,,,,3.5,http://letterboxd.com/film/certified-copy/
Clear History,2013,,,,,,,,,,,,,,,,,3.5,http://letterboxd.com/film/clear-history/
Computer Chess,2013,,,,,,,,,,,,,,,,,3.5,http://letterboxd.com/film/computer-chess/
Days of Being Wild,1990,,,,,,,,,,,,,,,,,3.5,http://letterboxd.com/film/days-of-being-wild/
Django Unchained,2012,,,,,,,,,,,,,,,,4,3.5,http://letterboxd.com/film/django-unchained/
DodgeBall,,,,,,,,,,,,,,,,,,3.5,http://letterboxd.com/film/dodgeball/
Dogtooth,2009,,,,,,,,,,,,,,,,,3.5,http://letterboxd.com/film/dogtooth/
Dogville,2003,,,,,,,,,,,,,,,,,3.5,http://letterboxd.com/film/dogville/
Drive,2011,,,,,,,,,,,,,,,,4,3.5,http://letterboxd.com/film/drive-2011/
Elite Squad,2007,,,,,,,,,,,,,,,,,3.5,http://letterboxd.com/film/elite-squad/
eXistenZ,1999,,,,,,,,,,,,,,,,,3.5,http://letterboxd.com/film/existenz/
Fantastic Mr. Fox,2009,,,,,,,,,,,,,,,,3,3.5,http://letterboxd.com/film/fantastic-mr-fox/
Fantastic Voyage,1966,,,,,,,,,,,,,,,,,3.5,http://letterboxd.com/film/fantastic-voyage/
Lust Caution,2007,,Ang Lee,,,,Asian,,,157,,,,,,,,,
Flags of Our Fathers,2006,,,,,,,,,,,,,,,,,3.5,http://letterboxd.com/film/flags-of-our-fathers/
Frances Ha,2013,,,,,,,,,,,,,,,,,3.5,http://letterboxd.com/film/frances-ha/
Ghost Town,2008,,,,,,,,,,,,,,,,,3.5,http://letterboxd.com/film/ghost-town/
Godzilla,2014,,,,,,,,,,,,,,,,2.5,3.5,http://letterboxd.com/film/godzilla-2014/
I Robot,2004,,,,,,,,,,,,,,,,3.5,3.5,http://letterboxd.com/film/i-robot/
Insomnia,2002,,,,,,,,,,,,,,,,,3.5,http://letterboxd.com/film/insomnia-2002/
Iron Man,2008,,,,,,,,,,,,,,,,4.5,3.5,http://letterboxd.com/film/iron-man-2008/
Jack Reacher,2012,,,,,,,,,,,,,,,,4,3.5,http://letterboxd.com/film/jack-reacher/
Jules and Jim,1962,,,,,,,,,,,,,,,,,3.5,http://letterboxd.com/film/jules-and-jim/
Just for Kicks,2005,,,,,,,,,,,,,,,,,3.5,http://letterboxd.com/film/just-for-kicks/
Killer Joe,2011,,,,,,,,,,,,,,,,,3.5,http://letterboxd.com/film/killer-joe/
Lawless,2012,,,,,,,,,,,,,,,,,3.5,http://letterboxd.com/film/lawless/
Little Miss Sunshine,2006,,,,,,,,,,,,,,,,3.5,3.5,http://letterboxd.com/film/little-miss-sunshine/
Man of Steel,2013,,,,,,,,,,,,,,,,3.5,3.5,http://letterboxd.com/film/man-of-steel/
Man on Fire,2004,,,,,,,,,,,,,,,,,3.5,http://letterboxd.com/film/man-on-fire-2004/
Marie Antoinette,2006,,,,,,,,,,,,,,,,,3.5,http://letterboxd.com/film/marie-antoinette-2006/
Memories of Murder,2003,,,,,,,,,,,,,,,,,3.5,http://letterboxd.com/film/memories-of-murder/
Men in Black 3,2012,,,,,,,,,,,,,,,,4,3.5,http://letterboxd.com/film/men-in-black-3/
Midnight in Paris,2011,,,,,,,,,,,,,,,,3,3.5,http://letterboxd.com/film/midnight-in-paris/
Midnight Run,1988,,,,,,,,,,,,,,,,,3.5,http://letterboxd.com/film/midnight-run/
Mad Max 2: The Road Warrior,1981,,George Miller,,,,Action,,,95,,,,,,,4.5,4,http://letterboxd.com/film/mad-max-2-the-road-warrior/
Neighbors,2014,,,,,,,,,,,,,,,,,3.5,http://letterboxd.com/film/neighbors-2014/
Never Let Me Go,2010,,,,,,,,,,,,,,,,,3.5,http://letterboxd.com/film/never-let-me-go-2010/
Oblivion,2013,,,,,,,,,,,,,,,,4.5,3.5,http://letterboxd.com/film/oblivion-2013/
Once Upon a Time in Anatolia,2011,,,,,,,,,,,,,,,,,3.5,http://letterboxd.com/film/once-upon-a-time-in-anatolia/
Once Upon a Time in the West,1968,,,,,,,,,,,,,,,,,3.5,http://letterboxd.com/film/once-upon-a-time-in-the-west/
Poetry,2010,,,,,,,,,,,,,,,,,3.5,http://letterboxd.com/film/poetry/
Police Story 4: First Strike,1996,,,,,,,,,,,,,,,,,3.5,http://letterboxd.com/film/police-story-4-first-strike/
Prometheus,2012,,,,,,,,,,,,,,,,4,3.5,http://letterboxd.com/film/prometheus/
Rush Hour,1998,,,,,,,,,,,,,,,,4,3.5,http://letterboxd.com/film/rush-hour/
Scott Pilgrim vs. the World,2010,,,,,,,,,,,,,,,,3.5,3.5,http://letterboxd.com/film/scott-pilgrim-vs-the-world/
Seven Psychopaths,2012,,,,,,,,,,,,,,,,,3.5,http://letterboxd.com/film/seven-psychopaths/
Star Trek,2009,,,,,,,,,,,,,,,,3.5,3.5,http://letterboxd.com/film/star-trek/
Starship Troopers,1997,,,,,,,,,,,,,,,,3.5,3.5,http://letterboxd.com/film/starship-troopers/
Sword of the Beast,1965,,,,,,,,,,,,,,,,,3.5,http://letterboxd.com/film/sword-of-the-beast/
The Bad Lieutenant: Port of Call - New Orleans,2009,,,,,,,,,,,,,,,,3.5,3.5,http://letterboxd.com/film/the-bad-lieutenant-port-of-call-new-orleans/
The Dead Zone,1983,,,,,,,,,,,,,,,,,3.5,http://letterboxd.com/film/the-dead-zone/
The Hangover,2009,,,,,,,,,,,,,,,,4,3.5,http://letterboxd.com/film/the-hangover/
The Hunt,2012,,,,,,,,,,,,,,,,,3.5,http://letterboxd.com/film/the-hunt-2012/
The Past,2013,,,,,,,,,,,,,,,,,3.5,http://letterboxd.com/film/the-past/
The Sapphires,2012,,,,,,,,,,,,,,,,,3.5,http://letterboxd.com/film/the-sapphires/
The Wind Rises,2013,,,,,,,,,,,,,,,,,3.5,http://letterboxd.com/film/the-wind-rises/
The Wolf of Wall Street,2013,,,,,,,,,,,,,,,,3.5,3.5,http://letterboxd.com/film/the-wolf-of-wall-street/
True Grit,2010,,,,,,,,,,,,,,,,3.5,3.5,http://letterboxd.com/film/true-grit-2010/
Undertow,2004,,,,,,,,,,,,,,,,,3.5,http://letterboxd.com/film/undertow/
Upstream Color,2013,,,,,,,,,,,,,,,,,3.5,http://letterboxd.com/film/upstream-color/
V for Vendetta,2005,,,,,,,,,,,,,,,,3.5,3.5,http://letterboxd.com/film/v-for-vendetta/
Made,2001,,Jon Favreau,,,,Comedy,,,95,,,,,,,,,
300: Rise of an Empire,2014,,,,,,,,,,,,,,,,,3,http://letterboxd.com/film/300-rise-of-an-empire/
A Tale of Two Sisters,2003,,,,,,,,,,,,,,,,,3,http://letterboxd.com/film/a-tale-of-two-sisters/
Adaptation.,2002,,,,,,,,,,,,,,,,,3,http://letterboxd.com/film/adaptation/
Alien³,1992,,,,,,,,,,,,,,,,,3,http://letterboxd.com/film/alien-3/
Barcelona,1994,,,,,,,,,,,,,,,,,3,http://letterboxd.com/film/barcelona/
Blade II,2002,,,,,,,,,,,,,,,,,3,http://letterboxd.com/film/blade-ii/
Blue Is the Warmest Color,2013,,,,,,,,,,,,,,,,,3,http://letterboxd.com/film/blue-is-the-warmest-color/
Captain America: The Winter Soldier,2014,,,,,,,,,,,,,,,,,3,http://letterboxd.com/film/captain-america-the-winter-soldier/
Casino,1995,,,,,,,,,,,,,,,,4.5,3,http://letterboxd.com/film/casino/
Cosmopolis,2012,,,,,,,,,,,,,,,,,3,http://letterboxd.com/film/cosmopolis/
Cube,1997,,,,,,,,,,,,,,,,,3,http://letterboxd.com/film/cube/
Days of Thunder,1990,,,,,,,,,,,,,,,,4.5,3,http://letterboxd.com/film/days-of-thunder/
Déjà Vu,2006,,,,,,,,,,,,,,,,3,3,http://letterboxd.com/film/deja-vu/
Election,1999,,,,,,,,,,,,,,,,,3,http://letterboxd.com/film/election/
Fast Five,2011,,,,,,,,,,,,,,,,2.5,3,http://letterboxd.com/film/fast-five/
Fish Tank,2009,,,,,,,,,,,,,,,,,3,http://letterboxd.com/film/fish-tank/
Greenberg,2010,,,,,,,,,,,,,,,,,3,http://letterboxd.com/film/greenberg/
Hara-Kiri: Death of a Samurai,2011,,,,,,,,,,,,,,,,4,3,http://letterboxd.com/film/hara-kiri-death-of-a-samurai/
Hellboy,2004,,,,,,,,,,,,,,,,2.5,3,http://letterboxd.com/film/hellboy/
Kicking and Screaming,1995,,,,,,,,,,,,,,,,,3,http://letterboxd.com/film/kicking-and-screaming/
Leviathan,2012,,,,,,,,,,,,,,,,,3,http://letterboxd.com/film/leviathan-2012/
Live Free or Die Hard,2007,,,,,,,,,,,,,,,,,3,http://letterboxd.com/film/live-free-or-die-hard/
Lockout,2012,,,,,,,,,,,,,,,,3.5,3,http://letterboxd.com/film/lockout-2012/
Master of the Flying Guillotine,1976,,,,,,,,,,,,,,,,,3,http://letterboxd.com/film/film:15984/
Mission: Impossible - Ghost Protocol,2011,,,,,,,,,,,,,,,,3.5,3,http://letterboxd.com/film/mission-impossible-ghost-protocol/
Newlyweeds,2013,,,,,,,,,,,,,,,,,3,http://letterboxd.com/film/newlyweeds/
Ninja: Shadow of a Tear,2013,,,,,,,,,,,,,,,,,3,http://letterboxd.com/film/ninja-shadow-of-a-tear/
O Brother Where Art Thou?,2000,,,,,,,,,,,,,,,,3.5,3,http://letterboxd.com/film/o-brother-where-art-thou/
Oasis,2002,,,,,,,,,,,,,,,,,3,http://letterboxd.com/film/oasis/
Ocean's Twelve,2004,,,,,,,,,,,,,,,,3.5,3,http://letterboxd.com/film/oceans-twelve/
Only Lovers Left Alive,2013,,,,,,,,,,,,,,,,,3,http://letterboxd.com/film/only-lovers-left-alive/
Pirates of the Caribbean: The Curse of the Black Pearl,2003,,,,,,,,,,,,,,,,3.5,3,http://letterboxd.com/film/pirates-of-the-caribbean-the-curse-of-the-black-pearl/
Planes Trains and Automobiles,1987,,,,,,,,,,,,,,,,,3,http://letterboxd.com/film/planes-trains-and-automobiles/
Prince Avalanche,2013,,,,,,,,,,,,,,,,,3,http://letterboxd.com/film/prince-avalanche/
Raising Arizona,1987,,,,,,,,,,,,,,,,4,3,http://letterboxd.com/film/raising-arizona/
Reality Bites,1994,,,,,,,,,,,,,,,,,3,http://letterboxd.com/film/reality-bites/
Return to the 36th Chamber,1980,,,,,,,,,,,,,,,,,3,http://letterboxd.com/film/return-to-the-36th-chamber/
Rumble Fish,1983,,,,,,,,,,,,,,,,,3,http://letterboxd.com/film/rumble-fish/
Solaris,2002,,,,,,,,,,,,,,,,,3,http://letterboxd.com/film/solaris-2002/
Somewhere,2010,,,,,,,,,,,,,,,,,3,http://letterboxd.com/film/somewhere/
Stories We Tell,2012,,,,,,,,,,,,,,,,,3,http://letterboxd.com/film/stories-we-tell/
Stranger Than Fiction,2006,,,,,,,,,,,,,,,,4,3,http://letterboxd.com/film/stranger-than-fiction-2006/
Tabloid,2010,,,,,,,,,,,,,,,,,3,http://letterboxd.com/film/tabloid/
Terminator Salvation,2009,,,,,,,,,,,,,,,,,3,http://letterboxd.com/film/terminator-salvation/
The Avengers,2012,,,,,,,,,,,,,,,,3.5,3,http://letterboxd.com/film/the-avengers-2012/
The Bling Ring,2013,,,,,,,,,,,,,,,,,3,http://letterboxd.com/film/the-bling-ring/
The Cabin in the Woods,2012,,,,,,,,,,,,,,,,,3,http://letterboxd.com/film/the-cabin-in-the-woods/
The Commitments,1991,,,,,,,,,,,,,,,,,3,http://letterboxd.com/film/the-commitments/
The Evil Dead,1981,,,,,,,,,,,,,,,,,3,http://letterboxd.com/film/the-evil-dead/
The Fighter,2010,,,,,,,,,,,,,,,,3,3,http://letterboxd.com/film/the-fighter-2010/
The Fisher King,1991,,,,,,,,,,,,,,,,,3,http://letterboxd.com/film/the-fisher-king/
The Game,1997,,,,,,,,,,,,,,,,4,3,http://letterboxd.com/film/the-game/
The Good The Bad The Weird,2008,,,,,,,,,,,,,,,,,3,http://letterboxd.com/film/the-good-the-bad-the-weird/
The Hitchhiker's Guide to the Galaxy,2005,,,,,,,,,,,,,,,,4,3,http://letterboxd.com/film/the-hitchhikers-guide-to-the-galaxy-2005/
The Imposter,2012,,,,,,,,,,,,,,,,,3,http://letterboxd.com/film/the-imposter-2012/
The Ladykillers,2004,,,,,,,,,,,,,,,,,3,http://letterboxd.com/film/the-ladykillers-2004-6/
The Last Days of Disco,1998,,,,,,,,,,,,,,,,,3,http://letterboxd.com/film/the-last-days-of-disco/
The Life Aquatic With Steve Zissou,2004,,,,,,,,,,,,,,,,3,3,http://letterboxd.com/film/the-life-aquatic-with-steve-zissou/
The Muppets,2011,,,,,,,,,,,,,,,,,3,http://letterboxd.com/film/the-muppets/
The Prestige,2006,,,,,,,,,,,,,,,,2.5,3,http://letterboxd.com/film/the-prestige/
The Spectacular Now,2013,,,,,,,,,,,,,,,,,3,http://letterboxd.com/film/the-spectacular-now/
The Way Way Back,2013,,,,,,,,,,,,,,,,,3,http://letterboxd.com/film/the-way-way-back/
The World's End,2013,,,,,,,,,,,,,,,,,3,http://letterboxd.com/film/the-worlds-end/
Thirst,2009,,,,,,,,,,,,,,,,,3,http://letterboxd.com/film/thirst-2009/
This Is Not a Film,2011,,,,,,,,,,,,,,,,,3,http://letterboxd.com/film/this-is-not-a-film/
Toy Story 2,1999,,,,,,,,,,,,,,,,4,3,http://letterboxd.com/film/toy-story-2/
Unstoppable,2010,,,,,,,,,,,,,,,,2.5,3,http://letterboxd.com/film/unstoppable-2010/
Up,2009,,,,,,,,,,,,,,,,3.5,3,http://letterboxd.com/film/up/
Vertigo,1958,,,,,,,,,,,,,,,,,3,http://letterboxd.com/film/vertigo/
WALL·E,2008,,,,,,,,,,,,,,,,4.5,3,http://letterboxd.com/film/walle/
Wristcutters: A Love Story,2006,,,,,,,,,,,,,,,,,3,http://letterboxd.com/film/wristcutters-a-love-story/
Crash,2004,,,,,,,,,,,,,,,,,2,http://letterboxd.com/film/crash-2004/
Evangelion: 3.0 You Can (Not) Redo,2012,,,,,,,,,,,,,,,,,2,http://letterboxd.com/film/evangelion-30-you-can-not-redo/
Headhunters,2011,,,,,,,,,,,,,,,,,2,http://letterboxd.com/film/headhunters/
I'm a Cyborg But That's OK,2006,,,,,,,,,,,,,,,,,2,http://letterboxd.com/film/im-a-cyborg-but-thats-ok/
Jeff Who Lives at Home,2011,,,,,,,,,,,,,,,,,2,http://letterboxd.com/film/jeff-who-lives-at-home/
Kick-Ass,2010,,,,,,,,,,,,,,,,3,2,http://letterboxd.com/film/kick-ass/
Looper,2012,,,,,,,,,,,,,,,,3.5,2,http://letterboxd.com/film/looper/
Lord of War,2005,,,,,,,,,,,,,,,,,2,http://letterboxd.com/film/lord-of-war/
Moonrise Kingdom,2012,,,,,,,,,,,,,,,,,2,http://letterboxd.com/film/moonrise-kingdom/
Mother,2009,,,,,,,,,,,,,,,,,2,http://letterboxd.com/film/mother-2009/
Noah,2014,,,,,,,,,,,,,,,,,2,http://letterboxd.com/film/noah/
Pacific Rim,2013,,,,,,,,,,,,,,,,3.5,2,http://letterboxd.com/film/pacific-rim/
Savages,2012,,,,,,,,,,,,,,,,,2,http://letterboxd.com/film/savages-2012/
Silver Linings Playbook,2012,,,,,,,,,,,,,,,,,2,http://letterboxd.com/film/silver-linings-playbook/
Sour Grapes,1998,,,,,,,,,,,,,,,,,2,http://letterboxd.com/film/sour-grapes/
Stoker,2013,,,,,,,,,,,,,,,,,2,http://letterboxd.com/film/stoker/
Submarine,2010,,,,,,,,,,,,,,,,,2,http://letterboxd.com/film/submarine/
The Crying Game,1992,,,,,,,,,,,,,,,,,2,http://letterboxd.com/film/the-crying-game/
The Fall,2006,,,,,,,,,,,,,,,,,2,http://letterboxd.com/film/the-fall/
The Loneliest Planet,2011,,,,,,,,,,,,,,,,,2,http://letterboxd.com/film/the-loneliest-planet/
The Man with the Iron Fists,2012,,,,,,,,,,,,,,,,,2,http://letterboxd.com/film/the-man-with-the-iron-fists/
The Matrix Revolutions,2003,,,,,,,,,,,,,,,,4,2,http://letterboxd.com/film/the-matrix-revolutions/
The Running Man,1987,,,,,,,,,,,,,,,,,2,http://letterboxd.com/film/the-running-man/
Trance,2013,,,,,,,,,,,,,,,,,2,http://letterboxd.com/film/trance/
X-Men: First Class,2011,,,,,,,,,,,,,,,,,2,http://letterboxd.com/film/x-men-first-class/
Sleeper,1973,,,,,,,,,,,,,,,,,1,http://letterboxd.com/film/sleeper/
Source Code,2011,,,,,,,,,,,,,,,,3.5,1,http://letterboxd.com/film/source-code/
Your Highness,2011,,,,,,,,,,,,,,,,,1,http://letterboxd.com/film/your-highness/
21,2008,,,,,,,,,,,,,,,,3,,http://letterboxd.com/film/21/
Magnolia,1999,,Paul Thomas Anderson,,,,Drama,,,188,,,,84,80,77,,5,http://letterboxd.com/film/magnolia/
Manhattan,1979,,Woody Allen,,,,Drama,,,96,,,,,,,,4,http://letterboxd.com/film/manhattan/
Martha Marcy May Marlene,2011,,Sean Durkin,,,,Suspense,,,102,,,,,,,,,
2 Guns,2013,,,,,,,,,,,,,,,,3,,http://letterboxd.com/film/2-guns/
Marwencol,2010,,Jeff Malmberg,,,,Documentary,,,83,,,,,,,,,
28 Weeks Later,2007,,,,,,,,,,,,,,,,4,,http://letterboxd.com/film/28-weeks-later/
Mean Streets,1973,,Martin Scorsese,,,,Action,,,112,,,,,,,,,
Memento,2000,,Christopher Nolan,,,,Cerebral,,,113,,,,92,85,80,5,5,http://letterboxd.com/film/memento/
Metropolitan,1990,,Whit Stillman,,,,Comedy,,,98,,,,,,,,4.5,http://letterboxd.com/film/metropolitan/
50 First Dates,2004,,,,,,,,,,,,,,,,2,,http://letterboxd.com/film/50-first-dates/
8 Mile,2002,,,,,,,,,,,,,,,,3.5,,http://letterboxd.com/film/8-mile/
A Beautiful Mind,2001,,,,,,,,,,,,,,,,3.5,,http://letterboxd.com/film/a-beautiful-mind/
A Bug's Life,1998,,,,,,,,,,,,,,,,3,,http://letterboxd.com/film/a-bugs-life/
Ace Ventura: Pet Detective,1994,,,,,,,,,,,,,,,,3.5,,http://letterboxd.com/film/ace-ventura-pet-detective/
Air Force One,1997,,,,,,,,,,,,,,,,3.5,,http://letterboxd.com/film/air-force-one/
Airplane!,1980,,,,,,,,,,,,,,,,3.5,,http://letterboxd.com/film/airplane/
Microcosmos,1996,,Claude Nuridsany,Marie Pérennou,,,Documentary,,,80,,,,97,79,,4,5,http://letterboxd.com/film/microcosmos/
Aladdin,1992,,,,,,,,,,,,,,,,4,,http://letterboxd.com/film/aladdin/
Miller's Crossing,1990,,Coen Brothers,,,,Action,,,115,,,,,,,,4.5,http://letterboxd.com/film/millers-crossing/
American Gangster,2007,,,,,,,,,,,,,,,,3,,http://letterboxd.com/film/american-gangster/
Million Dollar Baby,2004,,Clint Eastwood,,,,Drama,,,132,,,,,,,3.5,,http://letterboxd.com/film/million-dollar-baby/
Anchorman 2: The Legend Continues,2013,,,,,,,,,,,,,,,,2.5,,http://letterboxd.com/film/anchorman-2-the-legend-continues/
Anchorman: The Legend of Ron Burgundy,2004,,,,,,,,,,,,,,,,3,,http://letterboxd.com/film/anchorman-the-legend-of-ron-burgundy/
Antz,1998,,,,,,,,,,,,,,,,2.5,,http://letterboxd.com/film/antz/
Minority Report,2002,,Steven Spielberg,,,,Action,,,145,,,,,,,4.5,4,http://letterboxd.com/film/minority-report/
Armageddon,1998,,,,,,,,,,,,,,,,3,,http://letterboxd.com/film/armageddon/
As Good as It Gets,1997,,,,,,,,,,,,,,,,3.5,,http://letterboxd.com/film/as-good-as-it-gets/
Mission: Impossible,1996,,Brian De Palma,,,,Action,,,110,,,,,,,4.5,4,http://letterboxd.com/film/mission-impossible/
Austin Powers: International Man of Mystery,1997,,,,,,,,,,,,,,,,3,,http://letterboxd.com/film/austin-powers-international-man-of-mystery/
Babe,1995,,,,,,,,,,,,,,,,2.5,,http://letterboxd.com/film/babe/
Babel,2006,,,,,,,,,,,,,,,,2.5,,http://letterboxd.com/film/babel-2006/
Back to the Future,1985,,,,,,,,,,,,,,,,4,,http://letterboxd.com/film/back-to-the-future/
Baraka,1992,,,,,,,,,,,,,,,,4,,http://letterboxd.com/film/baraka/
Batman Forever,1995,,,,,,,,,,,,,,,,1,,http://letterboxd.com/film/batman-forever/
Mission: Impossible III,2006,,J.J. Abrams,,,,Action,,,126,,,,,,,4.5,4,http://letterboxd.com/film/mission-impossible-iii/
Beetlejuice,1988,,,,,,,,,,,,,,,,3,,http://letterboxd.com/film/beetlejuice/
Big Daddy,1999,,,,,,,,,,,,,,,,2,,http://letterboxd.com/film/big-daddy/
Moon,2009,,Duncan Jones,,,,Science Fiction,,,97,,,,,,,4,4,http://letterboxd.com/film/moon/
Big Trouble in Little China,1986,,,,,,,,,,,,,,,,3,,http://letterboxd.com/film/big-trouble-in-little-china/
Mulholland Dr.,2001,,David Lynch,,,,Cerebral,,,147,,,,,,,,4.5,http://letterboxd.com/film/mulholland-drive/
Blood Diamond,2006,,,,,,,,,,,,,,,,3,,http://letterboxd.com/film/blood-diamond/
My Neighbor Totoro,1988,,Hayao Miyazaki,,,,Anime,,,86,,,,92,83,,,5,http://letterboxd.com/film/my-neighbor-totoro/
Borat: Cultural Learnings of America for Make Benefit Glorious Nation of Kazakhstan,2006,,,,,,,,,,,,,,,,3.5,,http://letterboxd.com/film/borat-cultural-learnings-of-america-for-make-benefit-glorious-nation-of-kazakhstan/
Natural Born Killers,1994,,Oliver Stone,,,,Action,,,118,,,,,,,3.5,3.5,http://letterboxd.com/film/natural-born-killers/
Ninja Scroll,1995,,Yoshiaki Kawajiri,,,,Anime,,,94,,,,,,,,,
No Country for Old Men,2007,,Coen Brothers,,,,Suspense,,,122,,,,,,,5,4.5,http://letterboxd.com/film/no-country-for-old-men/
North by Northwest,1959,,Alfred Hitchcock,,,,Drama,,,136,,,,,,,3.5,,http://letterboxd.com/film/north-by-northwest/
Office Space,1999,,Mike Judge,,,,Comedy,,,89,,,,,,,4.5,4,http://letterboxd.com/film/office-space/
Bronson,2008,,,,,,,,,,,,,,,,3,,http://letterboxd.com/film/bronson/
Bruce Almighty,2003,,,,,,,,,,,,,,,,3,,http://letterboxd.com/film/bruce-almighty/
Old School,2003,,Todd Phillips,,,,Comedy,,,91,,,,,,,,,
Butch Cassidy and the Sundance Kid,1969,,,,,,,,,,,,,,,,5,,http://letterboxd.com/film/butch-cassidy-and-the-sundance-kid/
Captain Phillips,2013,,,,,,,,,,,,,,,,4,,http://letterboxd.com/film/captain-phillips/
Casino Royale,2006,,,,,,,,,,,,,,,,2,,http://letterboxd.com/film/casino-royale-2006/
Castaway on the Moon,2009,,,,,,,,,,,,,,,,4,,http://letterboxd.com/film/castaway-on-the-moon/
Catch Me If You Can,2002,,,,,,,,,,,,,,,,3.5,,http://letterboxd.com/film/catch-me-if-you-can-2002/
Charlie and the Chocolate Factory,2005,,,,,,,,,,,,,,,,2,,http://letterboxd.com/film/charlie-and-the-chocolate-factory/
Oldboy,2003,,Chan-wook Park,,,,Asian,,,120,,,,,,,3.5,4.5,http://letterboxd.com/film/oldboy/
One Fine Day,1996,,Michael Hoffman,,,,Romance,,,108,,,,,,,,,
Ong-Bak: The Thai Warrior,2003,,Prachya Pinkaew,,,,Asian,,,105,,,,,,,,,
Operation Condor,1991,,Jackie Chan,,,,Action,,,106,,,,,,,,,
Pan's Labyrinth,2006,,Guillermo del Toro,,,,Fantasy,,,118,,,,,,,3.5,4.5,http://letterboxd.com/film/pans-labyrinth/
Paprika,2006,,Satoshi Kon,,,,Anime,,,90,,,,,,,,4,http://letterboxd.com/film/paprika-2006/
Close Encounters of the Third Kind,1977,,,,,,,,,,,,,,,,3.5,,http://letterboxd.com/film/close-encounters-of-the-third-kind/
Peppermint Candy,1999,,Chang-dong Lee,,,,Asian,,,129,,,,83,,,,5,http://letterboxd.com/film/peppermint-candy/
Cloverfield,2008,,,,,,,,,,,,,,,,3,,http://letterboxd.com/film/cloverfield/
Perfect Blue,1997,,Satoshi Kon,,,,Anime,,,81,,,,,,,3.5,,http://letterboxd.com/film/perfect-blue/
Persona,1966,,Ingmar Bergman,,,,Cerebral,,,85,,,,,,,,4,http://letterboxd.com/film/persona/
Pi,1998,,Darren Aronofsky,,,,Cerebral,,,84,,,,,,,4,4.5,http://letterboxd.com/film/pi/
Con Air,1997,,,,,,,,,,,,,,,,3.5,,http://letterboxd.com/film/con-air/
Contact,1997,,,,,,,,,,,,,,,,3,,http://letterboxd.com/film/contact/
Cool Hand Luke,1967,,,,,,,,,,,,,,,,3.5,,http://letterboxd.com/film/cool-hand-luke/
Planet of the Apes,1968,,Franklin J. Schaffner,,,,Science Fiction,,,112,,,,,,,,,
Point Break,1991,,Kathryn Bigelow,,,,Action,,,120,,,,,,,4,4,http://letterboxd.com/film/point-break/
Dallas Buyers Club,2013,,,,,,,,,,,,,,,,4.5,,http://letterboxd.com/film/dallas-buyers-club/
Dances with Wolves,1990,,,,,,,,,,,,,,,,3,,http://letterboxd.com/film/dances-with-wolves/
Police Story,1985,,Jackie Chan,,,,Action,,,101,,,,,,,,4,http://letterboxd.com/film/police-story/
Pretty Woman,1990,,Garry Marshall,,,,Romance,,,119,,,,,,,,,
Primer,2004,,Shane Carruth,,,,Science Fiction,,,77,,,,72,70,68,4.5,5,http://letterboxd.com/film/primer/
Princess Mononoke,1997,,Hayao Miyazaki,,,,Anime,,,134,,,,,,,3.5,4,http://letterboxd.com/film/princess-mononoke/
Dawn of the Dead,1978,,,,,,,,,,,,,,,,3.5,,http://letterboxd.com/film/dawn-of-the-dead/
Project Nim,2011,,James Marsh,,,,Documentary,,,93,,,,,,,,4,http://letterboxd.com/film/project-nim/
Deliverance,1972,,,,,,,,,,,,,,,,4,,http://letterboxd.com/film/deliverance/
Demolition Man,1993,,,,,,,,,,,,,,,,3,,http://letterboxd.com/film/demolition-man/
Pulp Fiction,1994,,Quentin Tarantino,,,,Action,,,154,,,,94,90,94,5,5,http://letterboxd.com/film/pulp-fiction/
Desperado,1995,,,,,,,,,,,,,,,,3,,http://letterboxd.com/film/desperado/
Despicable Me,2010,,,,,,,,,,,,,,,,2.5,,http://letterboxd.com/film/despicable-me/
Die Hard 2,1990,,,,,,,,,,,,,,,,3.5,,http://letterboxd.com/film/die-hard-2/
Die Hard: With a Vengeance,1995,,,,,,,,,,,,,,,,3.5,,http://letterboxd.com/film/die-hard-with-a-vengeance/
District 9,2009,,,,,,,,,,,,,,,,3.5,,http://letterboxd.com/film/district-9/
Punch-Drunk Love,2002,,Paul Thomas Anderson,,,,Dark Comedy,,,95,,,,79,73,78,3,5,http://letterboxd.com/film/punch-drunk-love/
Dogma,1999,,,,,,,,,,,,,,,,3.5,,http://letterboxd.com/film/dogma/
Pusher,1996,,Nicolas Winding Refn,,,,Action,,,105,,,,,,,,,
Dredd,2012,,,,,,,,,,,,,,,,4.5,,http://letterboxd.com/film/dredd/
E.T. the Extra-Terrestrial,1982,,,,,,,,,,,,,,,,3,,http://letterboxd.com/film/et-the-extra-terrestrial/
Easy Rider,1969,,,,,,,,,,,,,,,,3,,http://letterboxd.com/film/easy-rider/
Eddie Izzard: Dress to Kill,1999,,,,,,,,,,,,,,,,3,,http://letterboxd.com/film/eddie-izzard-dress-to-kill/
Edward Scissorhands,1990,,,,,,,,,,,,,,,,3.5,,http://letterboxd.com/film/edward-scissorhands/
Pusher 2: With Blood on My Hands,2004,,Nicolas Winding Refn,,,,Action,,,100,,,,,,,,,
Elf,2003,,,,,,,,,,,,,,,,1.5,,http://letterboxd.com/film/elf/
Elysium,2013,,,,,,,,,,,,,,,,4,,http://letterboxd.com/film/elysium-2013/
Pusher 3: I'm the Angel of Death,2005,,Nicolas Winding Refn,,,,Action,,,90,,,,,,,,,
Ender's Game,2013,,,,,,,,,,,,,,,,3.5,,http://letterboxd.com/film/enders-game/
Raging Bull,1980,,Martin Scorsese,,,,Drama,,,129,,,,98,,92,,5,http://letterboxd.com/film/raging-bull/
Enter the Void,2009,,,,,,,,,,,,,,,,3,,http://letterboxd.com/film/enter-the-void/
Rain Man,1988,,Barry Levinson,,,,Drama,,,133,,,,,,,3.5,4.5,http://letterboxd.com/film/rain-man/
Escape from New York,1981,,,,,,,,,,,,,,,,3.5,,http://letterboxd.com/film/escape-from-new-york/
Event Horizon,1997,,,,,,,,,,,,,,,,3,,http://letterboxd.com/film/event-horizon/
Face/Off,1997,,,,,,,,,,,,,,,,4,,http://letterboxd.com/film/face-off/
Falling Down,1993,,,,,,,,,,,,,,,,4,,http://letterboxd.com/film/falling-down/
Fantastic 4: Rise of the Silver Surfer,2007,,,,,,,,,,,,,,,,1.5,,http://letterboxd.com/film/fantastic-4-rise-of-the-silver-surfer/
Fast & Furious,2009,,,,,,,,,,,,,,,,5,,http://letterboxd.com/film/fast-furious/
Fast & Furious 6,2013,,,,,,,,,,,,,,,,2,,http://letterboxd.com/film/fast-furious-6/
Raise the Red Lantern,1991,,Yimou Zhang,,,,Asian,,,125,,,,,,,,,
First Blood,1982,,,,,,,,,,,,,,,,4,,http://letterboxd.com/film/first-blood/
Ran,1985,,Akira Kurosawa,,,,Asian,,,162,,,,,,,,4,http://letterboxd.com/film/ran/
FLCL,2000,,,,,,,,,,,,,,,,3.5,,http://letterboxd.com/film/flcl/
Rashomon,1950,,Akira Kurosawa,,,,Asian,,,88,,,,,,,,4,http://letterboxd.com/film/rashomon/
Ratatouille,2007,,Brad Bird,,,,Comedy,,,111,,,,,,,4,4,http://letterboxd.com/film/ratatouille/
Requiem for a Dream,2000,,Darren Aronofsky,,,,Cerebral,,,102,,,,78,84,68,,5,http://letterboxd.com/film/requiem-for-a-dream/
From Dusk Till Dawn,1995,,,,,,,,,,,,,,,,3,,http://letterboxd.com/film/from-dusk-till-dawn/
Reservoir Dogs,1992,,Quentin Tarantino,,,,Action,,,99,,,,92,84,78,5,5,http://letterboxd.com/film/reservoir-dogs/
Rocky,1976,,John G. Avildsen,,,,Action,,,119,,,,,,,4.5,4,http://letterboxd.com/film/rocky/
Gangs of New York,2002,,,,,,,,,,,,,,,,3.5,,http://letterboxd.com/film/gangs-of-new-york-2002/
Rocky II,1979,,Sylvester Stallone,,,,Action,,,119,,,,,,,,,
Ronin,1998,,John Frankenheimer,,,,Action,,,122,,,,,,,4.5,5,http://letterboxd.com/film/ronin/
Rounders,1998,,John Dahl,,,,Drama,,,121,,,,,,,,4,http://letterboxd.com/film/rounders/
Ghostbusters,1984,,,,,,,,,,,,,,,,4,,http://letterboxd.com/film/ghostbusters/
Run Lola Run,1998,,Tom Tykwer,,,,Action,,,81,,,,,,,4,4,http://letterboxd.com/film/run-lola-run/
Rurouni Kenshin,2000,,Kazuhiro Furuhashi,,,,Anime,,,120,,,,,,,,,
Rushmore,1998,,Wes Anderson,,,,Comedy,,,93,,,,89,78,86,4,5,http://letterboxd.com/film/rushmore/
Gone In Sixty Seconds,2000,,,,,,,,,,,,,,,,4,,http://letterboxd.com/film/gone-in-sixty-seconds/
Good Night and Good Luck.,2005,,,,,,,,,,,,,,,,4,,http://letterboxd.com/film/good-night-and-good-luck/
Samurai 1: Musashi Miyamoto,1954,,Hiroshi Inagaki,,,,Asian,,,93,,,,,,,,,
Gran Torino,2008,,,,,,,,,,,,,,,,3,,http://letterboxd.com/film/gran-torino/
Grease,1978,,,,,,,,,,,,,,,,3,,http://letterboxd.com/film/grease/
Samurai 2: Duel at Ichijoji Temple,1955,,Hiroshi Inagaki,,,,Asian,,,104,,,,,,,,,
Sansho the Bailiff,1954,,Kenji Mizoguchi,,,,Asian,,,124,,,,,,,,,
Say Anything,1989,,Cameron Crowe,,,,Comedy,,,100,,,,,,,,4.5,http://letterboxd.com/film/say-anything/
Scratch,2002,,Doug Pray,,,,Documentary,,,92,,,,,,,,,
Hancock,2008,,,,,,,,,,,,,,,,2.5,,http://letterboxd.com/film/hancock/
Happy Gilmore,1996,,,,,,,,,,,,,,,,3,,http://letterboxd.com/film/happy-gilmore/
Scream,1996,,Wes Craven,,,,Horror,,,111,,,,,,,3,,http://letterboxd.com/film/scream/
Haywire,2012,,,,,,,,,,,,,,,,3,,http://letterboxd.com/film/haywire/
Se7en,1995,,David Fincher,,,,Action,,,127,,,,,,,4.5,4.5,http://letterboxd.com/film/se7en/
Session 9,2001,,Brad Anderson,,,,Horror,,,100,,,,,,,,,
Seven Samurai,1954,,Akira Kurosawa,,,,Asian,,,207,,,,,,,4.5,,http://letterboxd.com/film/seven-samurai/
Shaun of the Dead,2004,,Edgar Wright,,,,Horror,,,99,,,,,,,4,4,http://letterboxd.com/film/shaun-of-the-dead/
Home Alone,1990,,,,,,,,,,,,,,,,3.5,,http://letterboxd.com/film/home-alone/
Home Alone 2: Lost In New York,1992,,,,,,,,,,,,,,,,3,,http://letterboxd.com/film/home-alone-2-lost-in-new-york/
Shogun Assassin,1980,,Kenji Misumi,,,,Asian,,,85,,,,,,,,,
How to Train Your Dragon,2010,,,,,,,,,,,,,,,,3.5,,http://letterboxd.com/film/how-to-train-your-dragon/
Sin City,2005,,Robert Rodriguez,,,,Action,,,124,,,,78,82,74,4.5,5,http://letterboxd.com/film/sin-city/
Hulk,2003,,,,,,,,,,,,,,,,2.5,,http://letterboxd.com/film/hulk/
Singles,1992,,Cameron Crowe,,,,Comedy,,,99,,,,,,,,4,http://letterboxd.com/film/singles/
Slacker,1991,,Richard Linklater,,,,Cerebral,,,97,,,,,,,,,
I Am Legend,2007,,,,,,,,,,,,,,,,4,,http://letterboxd.com/film/i-am-legend/
Ice Age,2002,,,,,,,,,,,,,,,,2,,http://letterboxd.com/film/ice-age/
Slumdog Millionaire,2008,,Danny Boyle,,,,Drama,,,120,,,,,,,4,4.5,http://letterboxd.com/film/slumdog-millionaire/
Indiana Jones and the Kingdom of the Crystal Skull,2008,,,,,,,,,,,,,,,,2.5,,http://letterboxd.com/film/indiana-jones-and-the-kingdom-of-the-crystal-skull/
Indiana Jones and the Last Crusade,1989,,,,,,,,,,,,,,,,4.5,,http://letterboxd.com/film/indiana-jones-and-the-last-crusade/
Indiana Jones and the Temple of Doom,1984,,,,,,,,,,,,,,,,4.5,,http://letterboxd.com/film/indiana-jones-and-the-temple-of-doom/
Indie Game: The Movie,2012,,,,,,,,,,,,,,,,3.5,,http://letterboxd.com/film/indie-game-the-movie/
Infernal Affairs,2002,,,,,,,,,,,,,,,,4,,http://letterboxd.com/film/infernal-affairs/
Inside Man,2006,,,,,,,,,,,,,,,,3.5,,http://letterboxd.com/film/inside-man/
Snatch,2000,,Guy Ritchie,,,,Action,,,104,,,,,,,5,4,http://letterboxd.com/film/snatch/
Sneakers,1992,,Phil Alden Robinson,,,,Comedy,,,126,,,,,,,,,
Snow Angels,2007,,David Gordon Green,,,,Drama,,,,,,,,,,,4.5,http://letterboxd.com/film/snow-angels/
Iron Man 2,2010,,,,,,,,,,,,,,,,3,,http://letterboxd.com/film/iron-man-2/
Iron Man 3,2013,,,,,,,,,,,,,,,,3,,http://letterboxd.com/film/iron-man-3/
Spirited Away,2001,,Hayao Miyazaki,,,,Anime,,,,,,,,,,3.5,4,http://letterboxd.com/film/spirited-away/
Jaws,1975,,,,,,,,,,,,,,,,4,,http://letterboxd.com/film/jaws/
Jay and Silent Bob Strike Back,2001,,,,,,,,,,,,,,,,3,,http://letterboxd.com/film/jay-and-silent-bob-strike-back/
Jodorowsky's Dune,2013,,,,,,,,,,,,,,,,3.5,,http://letterboxd.com/film/jodorowskys-dune/
Stranger Than Paradise,1984,,Jim Jarmusch,,,,Drama,,,,,,,,,,,4,http://letterboxd.com/film/stranger-than-paradise/
Jumanji,1995,,,,,,,,,,,,,,,,1.5,,http://letterboxd.com/film/jumanji/
Jumper,2008,,,,,,,,,,,,,,,,3.5,,http://letterboxd.com/film/jumper/
Stripes,1981,,Ivan Reitman,,,,Comedy,,,,,,,,,,,4,http://letterboxd.com/film/stripes/
Jurassic Park,1993,,,,,,,,,,,,,,,,4,,http://letterboxd.com/film/jurassic-park/
Style Wars,1983,,Henry Chalfant,Tony Silver,,,Documentary,,,,,,,,,,,,
King Kong,2005,,,,,,,,,,,,,,,,2.5,,http://letterboxd.com/film/king-kong-2005/
Sunshine,2007,,Danny Boyle,,,,Science Fiction,,,,,,,,,,5,4.5,http://letterboxd.com/film/sunshine-2007/
Super 8,2011,,J.J. Abrams,,,,Science Fiction,,,,,,,,,,,,
Knocked Up,2007,,,,,,,,,,,,,,,,2.5,,http://letterboxd.com/film/knocked-up/
Super Troopers,2002,,Jay Chandrasekhar,,,,Comedy,,,,,,,,,,,,
Kung Fu Panda,2008,,,,,,,,,,,,,,,,2.5,,http://letterboxd.com/film/kung-fu-panda/
Superbad,2007,,Greg Mottola,,,,Comedy,,,,,,,,,,3,,http://letterboxd.com/film/superbad/
Swingers,1996,,Doug Liman,,,,Comedy,,,,,,,,,,,,
Labyrinth,1986,,,,,,,,,,,,,,,,2,,http://letterboxd.com/film/labyrinth/
Sympathy for Mr. Vengeance,2002,,Chan-wook Park,,,,Asian,,,129,,,,,,,,4,http://letterboxd.com/film/sympathy-for-mr-vengeance/
Lars and the Real Girl,2007,,,,,,,,,,,,,,,,3,,http://letterboxd.com/film/lars-and-the-real-girl/
Synecdoche New York,2008,,Charlie Kaufman,,,,Cerebral,,,124,,,,,,,,4,http://letterboxd.com/film/synecdoche-new-york/
Take Shelter,2011,,Jeff Nichols,,,,Drama,,,,,,,,,,,4,http://letterboxd.com/film/take-shelter/
Taxi Driver,1976,,Martin Scorsese,,,,Drama,,,,,,,,,,4,4.5,http://letterboxd.com/film/taxi-driver/
Terminator 2: Judgement Day,1991,,James Cameron,,,,Suspense,,,,,,,92,,68,5,5,http://letterboxd.com/film/terminator-2-judgment-day/
Liar Liar,1997,,,,,,,,,,,,,,,,3.5,,http://letterboxd.com/film/liar-liar/
Life of Pi,2012,,,,,,,,,,,,,,,,4,,http://letterboxd.com/film/life-of-pi/
Limitless,2011,,,,,,,,,,,,,,,,3.5,,http://letterboxd.com/film/limitless/
Tetsuo: The Iron Man,1989,,Shin'ya Tsukamoto,,,,Asian,,,,,,,,,,,,
Lone Survivor,2013,,,,,,,,,,,,,,,,4,,http://letterboxd.com/film/lone-survivor/
Lucky Number Slevin,2006,,,,,,,,,,,,,,,,4,,http://letterboxd.com/film/lucky-number-slevin/
The 36th Chamber of Shaolin,1978,,Chia-Liang Liu,,,,Asian,,,115,,,,,,,,,
The 40 Year-Old Virgin,2005,,Judd Apatow,,,,Comedy,,,116,,,,,,,,,
Mad Max,1979,,,,,,,,,,,,,,,,3,,http://letterboxd.com/film/mad-max/
The 400 Blows,1959,,François Truffaut,,,,French New Wave,,,99,,,,,,,,,
The Arbor,2010,,Clio Barnard,,,,Documentary,,,94,,,,,,,,,
Man on the Moon,1999,,,,,,,,,,,,,,,,2,,http://letterboxd.com/film/man-on-the-moon/
The Assassination of Jesse James,2007,,Andrew Dominik,,,,Action,,,160,,,,,,,,,
The Bourne Supremacy,2004,,Paul Greengrass,,,,Action,,,108,,,,,,,,,
The Chaser,2008,,Hong-jin Na,,,,Asian,,,125,,,,,,,,,
The Chinese Connection,1972,,Wei Lo,,,,Asian,,,108,,,,,,,,,
The City of Lost Children,1995,,Jean-Pierre Jeunet,,,,Fantasy,,,112,,,,,,,,,
Mean Girls,2004,,,,,,,,,,,,,,,,3.5,,http://letterboxd.com/film/mean-girls/
The Curious Case of Benjamin Button,2008,,David Fincher,,,,Drama,,,166,,,,,,,,,
Meet the Parents,2000,,,,,,,,,,,,,,,,2,,http://letterboxd.com/film/meet-the-parents/
Men in Black,1997,,,,,,,,,,,,,,,,4.5,,http://letterboxd.com/film/men-in-black/
Men in Black II,2002,,,,,,,,,,,,,,,,3,,http://letterboxd.com/film/men-in-black-ii/
The Darjeeling Limited,2007,,Wes Anderson,,,,Comedy,,,91,,,,,,,,,
Moneyball,2011,,,,,,,,,,,,,,,,3.5,,http://letterboxd.com/film/moneyball/
Monsters Inc.,2001,,,,,,,,,,,,,,,,3,,http://letterboxd.com/film/monsters-inc/
Napoleon Dynamite,2004,,,,,,,,,,,,,,,,3.5,,http://letterboxd.com/film/napoleon-dynamite/
National Treasure,2004,,,,,,,,,,,,,,,,2,,http://letterboxd.com/film/national-treasure/
National Treasure: Book of Secrets,2007,,,,,,,,,,,,,,,,2.5,,http://letterboxd.com/film/national-treasure-book-of-secrets/
The Dark Knight,2008,,Christopher Nolan,,,,Action,,,152,,,,,,,,,
Neon Genesis Evangelion: The End of Evangelion,1997,,,,,,,,,,,,,,,,3.5,,http://letterboxd.com/film/neon-genesis-evangelion-the-end-of-evangelion/
The Dark Knight Rises,2012,,Christopher Nolan,,,,Action,,,165,,,,,,,,,
The Departed,2006,,Martin Scorsese,,,,Suspense,,,151,,,,,,,,,
Ocean's Thirteen,2007,,,,,,,,,,,,,,,,3,,http://letterboxd.com/film/oceans-thirteen/
The Friends of Eddie Coyle,1973,,Peter Yates,,,,Action,,,102,,,,,,,,,
The Godfather,1972,,Francis Ford Coppola,,,,Action,,,175,,,,,,,,,
The Godfather: Part II,1974,,Francis Ford Coppola,,,,Action,,,200,,,,,,,,,
The Hidden Blade,2004,,Yôji Yamada,,,,Asian,,,132,,,,,,,,,
The Hudsucker Proxy,1994,,Coen Brothers,,,,Comedy,,,111,,,,,,,,,
Out of the Furnace,2013,,,,,,,,,,,,,,,,3,,http://letterboxd.com/film/out-of-the-furnace/
Pain & Gain,2013,,,,,,,,,,,,,,,,3.5,,http://letterboxd.com/film/pain-gain/
The Hurt Locker,2008,,Kathryn Bigelow,,,,Action,,,131,,,,,,,,,
Phone Booth,2002,,,,,,,,,,,,,,,,2.5,,http://letterboxd.com/film/phone-booth/
Planet Earth,2006,,,,,,,,,,,,,,,,4,,http://letterboxd.com/film/planet-earth-2006/
The Interrupters,2011,,Steve James,,,,Documentary,,,125,,,,,,,,,
Platoon,1986,,,,,,,,,,,,,,,,3.5,,http://letterboxd.com/film/platoon/
Predator,1987,,,,,,,,,,,,,,,,4.5,,http://letterboxd.com/film/predator/
The King of Kong,2007,,Seth Gordon,,,,Documentary,,,79,,,,,,,,,
The Last Samurai,2003,,Edward Zwick,,,,Action,,,154,,,,,,,,,
The Last Temptation of Christ,1988,,Martin Scorsese,,,,Drama,,,164,,,,,,,,,
Psycho,1960,,,,,,,,,,,,,,,,3.5,,http://letterboxd.com/film/psycho/
Public Enemies,2009,,,,,,,,,,,,,,,,3.5,,http://letterboxd.com/film/public-enemies-2009/
The Legend of Drunken Master,1994,,Chia-Liang Liu,,,,Asian,,,102,,,,,,,,,
The Lives of Others,2006,,Florian Henckel von Donnersmarck,,,,Suspense,,,137,,,,,,,,,
The Man from Nowhere,2010,,Jeong-beom Lee,,,,Asian,,,119,,,,,,,,,
The Master,2012,,Paul Thomas Anderson,,,,Drama,,,144,,,,,,,,,
The Matrix,1999,,Wachowski Brothers,,,,Science Fiction,,,136,,,,,,,,,
Raiders of the Lost Ark,1981,,,,,,,,,,,,,,,,4.5,,http://letterboxd.com/film/raiders-of-the-lost-ark/
The Matrix: Reloaded,2003,,Wachowski Brothers,,,,Science Fiction,,,138,,,,,,,,,
Rango,2011,,,,,,,,,,,,,,,,3,,http://letterboxd.com/film/rango/
RED,2010,,,,,,,,,,,,,,,,3.5,,http://letterboxd.com/film/red-2010/
RED 2,2013,,,,,,,,,,,,,,,,3,,http://letterboxd.com/film/red-2/
Red Dragon,2002,,,,,,,,,,,,,,,,3,,http://letterboxd.com/film/red-dragon/
Riddick,2013,,,,,,,,,,,,,,,,4,,http://letterboxd.com/film/riddick/
The Negotiator,1998,,F. Gary Gray,,,,Action,,,140,,,,,,,,,
RoboCop,2014,,,,,,,,,,,,,,,,4,,http://letterboxd.com/film/robocop-2014/
RoboCop,1987,,,,,,,,,,,,,,,,3.5,,http://letterboxd.com/film/robocop/
The Others,2001,,Alejandro Amenábar,,,,Horror,,,101,,,,,,,,,
The Princess Bride,1987,,Rob Reiner,,,,Fantasy,,,98,,,,,,,,,
Romeo + Juliet,1996,,,,,,,,,,,,,,,,3.5,,http://letterboxd.com/film/romeo-juliet-1996/
Rosemary's Baby,1968,,,,,,,,,,,,,,,,3,,http://letterboxd.com/film/rosemarys-baby/
The Puffy Chair,2005,,Duplass Brothers,,,,Comedy,,,85,,,,,,,,,
The Raid: Redemption,2011,,Gareth Evans,,,,Asian,,,101,,,,,,,,,
Rush,2013,,,,,,,,,,,,,,,,2.5,,http://letterboxd.com/film/rush-2013/
The Ring,2002,,Gore Verbinski,,,,Horror,,,115,,,,,,,,,
The Rock,1996,,Michael Bay,,,,Action,,,136,,,,,,,,,
The Royal Tenenbaums,2001,,Wes Anderson,,,,Dark Comedy,,,110,,,,,,,,,
Saving Private Ryan,1998,,,,,,,,,,,,,,,,4.5,,http://letterboxd.com/film/saving-private-ryan/
Saw,2004,,,,,,,,,,,,,,,,4,,http://letterboxd.com/film/saw/
The Seventh Seal,1957,,Ingmar Bergman,,,,Drama,,,96,,,,,,,,,
Scarface,1983,,,,,,,,,,,,,,,,4,,http://letterboxd.com/film/scarface-1983/
The Shawshank Redemption,1994,,Frank Darabont,,,,Drama,,,142,,,,,,,,,
The Silence of the Lambs,1991,,Jonathan Demme,,,,Horror,,,118,,,,,,,,,
Senna,2010,,,,,,,,,,,,,,,,4.5,,http://letterboxd.com/film/senna/
The Sixth Sense,1999,,M. Night Shyamalan,,,,Horror,,,107,,,,,,,,,
Serenity,2005,,,,,,,,,,,,,,,,3.5,,http://letterboxd.com/film/serenity/
The Social Network,2010,,David Fincher,,,,Drama,,,,,,,,,,,,
The Sword of Doom,1966,,Kihachi Okamoto,,,,Asian,,,119,,,,,,,,,
The Terminator,1984,,James Cameron,,,,Suspense,,,,,,,,,,,,
The Thin Blue Line,1988,,Errol Morris,,,,Documentary,,,,,,,,,,,,
The Town,2010,,Ben Affleck,,,,Action,,,,,,,,,,,,
Sherlock Holmes,2009,,,,,,,,,,,,,,,,3.5,,http://letterboxd.com/film/sherlock-holmes-2009/
Sherlock Holmes: A Game of Shadows,2011,,,,,,,,,,,,,,,,3.5,,http://letterboxd.com/film/sherlock-holmes-a-game-of-shadows/
The Tree of Life,2011,,Terrence Malick,,,,Drama,,,,,,,,,,,,
Shrek,2001,,,,,,,,,,,,,,,,3.5,,http://letterboxd.com/film/shrek/
Shrek 2,2004,,,,,,,,,,,,,,,,2.5,,http://letterboxd.com/film/shrek-2/
Shutter Island,2010,,,,,,,,,,,,,,,,4,,http://letterboxd.com/film/shutter-island/
Signs,2002,,,,,,,,,,,,,,,,3,,http://letterboxd.com/film/signs/
The Twilight Samurai,2002,,Yôji Yamada,,,,Asian,,,,,,,,,,,,
The Usual Suspects,1995,,Bryan Singer,,,,Suspense,,,,,,,,,,,,
Skyfall,2012,,,,,,,,,,,,,,,,3,,http://letterboxd.com/film/skyfall/
The Virgin Suicides,1999,,Sofia Coppola,,,,Drama,,,,,,,,,,,,
The Wrestler,2008,,Darren Aronofsky,,,,Drama,,,,,,,,,,,,
Thelma & Louise,1991,,Ridley Scott,,,,Drama,,,,,,,,,,,,
Spaceballs,1987,,,,,,,,,,,,,,,,3.5,,http://letterboxd.com/film/spaceballs/
Spider-Man,2002,,,,,,,,,,,,,,,,3.5,,http://letterboxd.com/film/spider-man/
Spider-Man 2,2004,,,,,,,,,,,,,,,,3,,http://letterboxd.com/film/spider-man-2/
Spider-Man 3,2007,,,,,,,,,,,,,,,,1.5,,http://letterboxd.com/film/spider-man-3/
Star Wars: Episode I - The Phantom Menace,1999,,,,,,,,,,,,,,,,2.5,,http://letterboxd.com/film/star-wars-episode-i-the-phantom-menace/
Star Wars: Episode II - Attack of the Clones,2002,,,,,,,,,,,,,,,,1.5,,http://letterboxd.com/film/star-wars-episode-ii-attack-of-the-clones/
Star Wars: Episode III - Revenge of the Sith,2005,,,,,,,,,,,,,,,,2,,http://letterboxd.com/film/star-wars-episode-iii-revenge-of-the-sith/
Star Wars: Episode IV - A New Hope,1977,,,,,,,,,,,,,,,,5,,http://letterboxd.com/film/star-wars-episode-iv-a-new-hope/
Star Wars: Episode V - The Empire Strikes Back,1980,,,,,,,,,,,,,,,,5,,http://letterboxd.com/film/star-wars-episode-v-the-empire-strikes-back/
Star Wars: Episode VI - Return of the Jedi,1983,,,,,,,,,,,,,,,,4.5,,http://letterboxd.com/film/star-wars-episode-vi-return-of-the-jedi/
There Will Be Blood,2007,,Paul Thomas Anderson,,,,Drama,,,,,,,,,,3.5,4.5,http://letterboxd.com/film/there-will-be-blood/
There's Something About Mary,1998,,Farrelly Brothers,,,,Comedy,,,,,,,,,,,,
Super Size Me,2004,,,,,,,,,,,,,,,,2.5,,http://letterboxd.com/film/super-size-me/
This Is Spinal Tap,1984,,Rob Reiner,,,,Comedy,,,,,,,,,,4,4,http://letterboxd.com/film/this-is-spinal-tap/
Throne of Blood,1957,,Akira Kurosawa,,,,Asian,,,,,,,98,82,,,5,http://letterboxd.com/film/throne-of-blood/
Time Bandits,1981,,Terry Gilliam,,,,Comedy,,,,,,,,,,,,
Tombstone,1993,,George P. Cosmatos,,,,Action,,,,,,,,,,,,
Team America: World Police,2004,,,,,,,,,,,,,,,,3.5,,http://letterboxd.com/film/team-america-world-police/
Ted,2012,,,,,,,,,,,,,,,,3.5,,http://letterboxd.com/film/ted/
Terminator 3: Rise of the Machines,2003,,,,,,,,,,,,,,,,2,,http://letterboxd.com/film/terminator-3-rise-of-the-machines/
Top Gun,1986,,Tony Scott,,,,Action,,,,,,,,,,5,4,http://letterboxd.com/film/top-gun/
Touching the Void,2003,,Kevin Macdonald,,,,Documentary,,,,,,,,,,3.5,4,http://letterboxd.com/film/touching-the-void/
Thank You for Smoking,2005,,,,,,,,,,,,,,,,3.5,,http://letterboxd.com/film/thank-you-for-smoking/
The 40 Year Old Virgin,2005,,,,,,,,,,,,,,,,3,,http://letterboxd.com/film/the-40-year-old-virgin/
The Abyss,1989,,,,,,,,,,,,,,,,3.5,,http://letterboxd.com/film/the-abyss/
The Adjustment Bureau,2011,,,,,,,,,,,,,,,,3.5,,http://letterboxd.com/film/the-adjustment-bureau/
The Amazing Spider-Man 2,2014,,,,,,,,,,,,,,,,3,,http://letterboxd.com/film/the-amazing-spider-man-2/
The Aviator,2004,,,,,,,,,,,,,,,,3,,http://letterboxd.com/film/the-aviator/
The Birds,1963,,,,,,,,,,,,,,,,3.5,,http://letterboxd.com/film/the-birds/
The Blair Witch Project,1999,,,,,,,,,,,,,,,,2,,http://letterboxd.com/film/the-blair-witch-project/
The Boondock Saints,1999,,,,,,,,,,,,,,,,3,,http://letterboxd.com/film/the-boondock-saints/
The Bourne Identity,2002,,,,,,,,,,,,,,,,5,,http://letterboxd.com/film/the-bourne-identity-2002/
The Bourne Legacy,2012,,,,,,,,,,,,,,,,4,,http://letterboxd.com/film/the-bourne-legacy/
The Bourne Supremacy,2004,,,,,,,,,,,,,,,,4.5,,http://letterboxd.com/film/the-bourne-supremacy/
The Bourne Ultimatum,2007,,,,,,,,,,,,,,,,4.5,,http://letterboxd.com/film/the-bourne-ultimatum/
The Butterfly Effect,2004,,,,,,,,,,,,,,,,4,,http://letterboxd.com/film/the-butterfly-effect/
The Cable Guy,1996,,,,,,,,,,,,,,,,2,,http://letterboxd.com/film/the-cable-guy/
The Cove,2009,,,,,,,,,,,,,,,,2.5,,http://letterboxd.com/film/the-cove/
The Crow,1994,,,,,,,,,,,,,,,,3.5,,http://letterboxd.com/film/the-crow/
The Da Vinci Code,2006,,,,,,,,,,,,,,,,3,,http://letterboxd.com/film/the-da-vinci-code/
The Deer Hunter,1978,,,,,,,,,,,,,,,,3,,http://letterboxd.com/film/the-deer-hunter/
The Descent,2005,,,,,,,,,,,,,,,,3.5,,http://letterboxd.com/film/the-descent/
The Devil's Advocate,1997,,,,,,,,,,,,,,,,3,,http://letterboxd.com/film/the-devils-advocate/
The Expendables,2010,,,,,,,,,,,,,,,,2.5,,http://letterboxd.com/film/the-expendables/
The Fast and the Furious,2001,,,,,,,,,,,,,,,,5,,http://letterboxd.com/film/the-fast-and-the-furious-2001/
The Fifth Element,1997,,,,,,,,,,,,,,,,4,,http://letterboxd.com/film/the-fifth-element/
The French Connection,1971,,,,,,,,,,,,,,,,3.5,,http://letterboxd.com/film/the-french-connection/
The Godfather: Part II,1974,,,,,,,,,,,,,,,,4.5,,http://letterboxd.com/film/the-godfather-part-ii/
The Graduate,1967,,,,,,,,,,,,,,,,3.5,,http://letterboxd.com/film/the-graduate/
The Great Gatsby,2013,,,,,,,,,,,,,,,,4,,http://letterboxd.com/film/the-great-gatsby-2013/
The Green Mile,1999,,,,,,,,,,,,,,,,3,,http://letterboxd.com/film/the-green-mile/
The Grey,2011,,,,,,,,,,,,,,,,2.5,,http://letterboxd.com/film/the-grey/
The Hidden Fortress,1958,,,,,,,,,,,,,,,,4,,http://letterboxd.com/film/the-hidden-fortress/
The Hunger Games,2012,,,,,,,,,,,,,,,,4,,http://letterboxd.com/film/the-hunger-games/
The Hunger Games: Catching Fire,2013,,,,,,,,,,,,,,,,3.5,,http://letterboxd.com/film/the-hunger-games-catching-fire/
The Hunt for Red October,1990,,,,,,,,,,,,,,,,4,,http://letterboxd.com/film/the-hunt-for-red-october/
The Illusionist,2006,,,,,,,,,,,,,,,,3,,http://letterboxd.com/film/the-illusionist/
The Incredibles,2004,,,,,,,,,,,,,,,,3,,http://letterboxd.com/film/the-incredibles/
The Italian Job,2003,,,,,,,,,,,,,,,,3.5,,http://letterboxd.com/film/the-italian-job-2003/
The Karate Kid,1984,,,,,,,,,,,,,,,,3,,http://letterboxd.com/film/the-karate-kid/
The League of Extraordinary Gentlemen,2003,,,,,,,,,,,,,,,,2,,http://letterboxd.com/film/the-league-of-extraordinary-gentlemen/
The Lion King,1994,,,,,,,,,,,,,,,,3.5,,http://letterboxd.com/film/the-lion-king/
The Little Mermaid,1989,,,,,,,,,,,,,,,,3,,http://letterboxd.com/film/the-little-mermaid/
The Lorax,2012,,,,,,,,,,,,,,,,1,,http://letterboxd.com/film/the-lorax-2012/
The Lord of the Rings: The Fellowship of the Ring,2001,,,,,,,,,,,,,,,,4.5,,http://letterboxd.com/film/the-lord-of-the-rings-the-fellowship-of-the-ring/
The Lord of the Rings: The Return of the King,2003,,,,,,,,,,,,,,,,4,,http://letterboxd.com/film/the-lord-of-the-rings-the-return-of-the-king/
The Lord of the Rings: The Two Towers,2002,,,,,,,,,,,,,,,,4.5,,http://letterboxd.com/film/the-lord-of-the-rings-the-two-towers/
The Machinist,2004,,,,,,,,,,,,,,,,2.5,,http://letterboxd.com/film/the-machinist/
The Mask,1994,,,,,,,,,,,,,,,,3,,http://letterboxd.com/film/the-mask-1994/
The Mummy,1999,,,,,,,,,,,,,,,,2.5,,http://letterboxd.com/film/the-mummy-1999/
The Naked Gun: From the Files of Police Squad!,1988,,,,,,,,,,,,,,,,3.5,,http://letterboxd.com/film/the-naked-gun-from-the-files-of-police-squad/
The Nightmare Before Christmas,1993,,,,,,,,,,,,,,,,3,,http://letterboxd.com/film/the-nightmare-before-christmas/
The Pursuit of Happyness,2006,,,,,,,,,,,,,,,,4,,http://letterboxd.com/film/the-pursuit-of-happyness/
The Ring,2002,,,,,,,,,,,,,,,,3.5,,http://letterboxd.com/film/the-ring-2002/
The Road,2009,,,,,,,,,,,,,,,,3,,http://letterboxd.com/film/the-road/
The Rocky Horror Picture Show,1975,,,,,,,,,,,,,,,,2.5,,http://letterboxd.com/film/the-rocky-horror-picture-show/
The Shining,1980,,,,,,,,,,,,,,,,4,,http://letterboxd.com/film/the-shining/
The Silence of the Lambs,1991,,,,,,,,,,,,,,,,4.5,,http://letterboxd.com/film/the-silence-of-the-lambs/
The Talented Mr. Ripley,1999,,,,,,,,,,,,,,,,4,,http://letterboxd.com/film/the-talented-mr-ripley/
The Thing,1982,,,,,,,,,,,,,,,,3.5,,http://letterboxd.com/film/the-thing/
The Transporter,2002,,,,,,,,,,,,,,,,3,,http://letterboxd.com/film/the-transporter/
The Truman Show,1998,,,,,,,,,,,,,,,,4,,http://letterboxd.com/film/the-truman-show/
The Village,2004,,,,,,,,,,,,,,,,2,,http://letterboxd.com/film/the-village/
Toy Story,1995,,John Lasseter,,,,Comedy,,,,,,,,,,4,4,http://letterboxd.com/film/toy-story/
Toy Story 3,2010,,Lee Unkrich,,,,Comedy,,,,,,,99,84,92,4,5,http://letterboxd.com/film/toy-story-3/
They Live,1988,,,,,,,,,,,,,,,,1.5,,http://letterboxd.com/film/they-live/
Trainspotting,1996,,Danny Boyle,,,,Dark Comedy,,,,,,,,,,4,4.5,http://letterboxd.com/film/trainspotting/
This Is 40,2012,,,,,,,,,,,,,,,,2,,http://letterboxd.com/film/this-is-40/
Triangle,2009,,Christopher Smith,,,,Horror,,,,,,,,,,,4.5,http://letterboxd.com/film/triangle-2009/
Titanic,1997,,,,,,,,,,,,,,,,3,,http://letterboxd.com/film/titanic-1997/
True Legend,2010,,Woo-ping Yuen,,,,Asian,,,,,,,,,,,4,http://letterboxd.com/film/true-legend/
Total Recall,1990,,,,,,,,,,,,,,,,3.5,,http://letterboxd.com/film/total-recall/
True Lies,1994,,James Cameron,,,,Action,,,,,,,,,,3.5,4,http://letterboxd.com/film/true-lies/
Traffic,2000,,,,,,,,,,,,,,,,3,,http://letterboxd.com/film/traffic/
Training Day,2001,,,,,,,,,,,,,,,,2.5,,http://letterboxd.com/film/training-day/
Transformers,2007,,,,,,,,,,,,,,,,3.5,,http://letterboxd.com/film/transformers/
Transformers: Revenge of the Fallen,2009,,,,,,,,,,,,,,,,3,,http://letterboxd.com/film/transformers-revenge-of-the-fallen/
True Romance,1993,,Tony Scott,,,,Action,,,,,,,,,,4.5,4,http://letterboxd.com/film/true-romance/
Tremors,1990,,,,,,,,,,,,,,,,2,,http://letterboxd.com/film/tremors/
TRON: Legacy,2010,,,,,,,,,,,,,,,,4,,http://letterboxd.com/film/tron-legacy/
Tropic Thunder,2008,,,,,,,,,,,,,,,,1.5,,http://letterboxd.com/film/tropic-thunder/
Tucker and Dale vs Evil,2010,,,,,,,,,,,,,,,,3,,http://letterboxd.com/film/tucker-and-dale-vs-evil/
Vanilla Sky,2001,,Cameron Crowe,,,,Suspense,,,,,,,,,,3.5,4,http://letterboxd.com/film/vanilla-sky/
Twister,1996,,,,,,,,,,,,,,,,3.5,,http://letterboxd.com/film/twister/
Unbreakable,2000,,,,,,,,,,,,,,,,3,,http://letterboxd.com/film/unbreakable/
Underworld,2003,,,,,,,,,,,,,,,,3,,http://letterboxd.com/film/underworld-2003/
Waking Life,2001,,Richard Linklater,,,,Cerebral,,,,,,,80,78,82,,5,http://letterboxd.com/film/waking-life/
Watchmen,2009,,Zack Snyder,,,,Action,,,,,,,,,,4,,http://letterboxd.com/film/watchmen/
Wedding Crashers,2005,,David Dobkin,,,,Comedy,,,,,,,,,,3,,http://letterboxd.com/film/wedding-crashers/
Walk the Line,2005,,,,,,,,,,,,,,,,3,,http://letterboxd.com/film/walk-the-line/
Wallace and Gromit: The Wrong Trousers,1993,,,,,,,,,,,,,,,,3.5,,http://letterboxd.com/film/wallace-and-gromit-the-wrong-trousers/
Warrior,2011,,,,,,,,,,,,,,,,2,,http://letterboxd.com/film/warrior/
What About Bob?,1991,,Frank Oz,,,,Comedy,,,,,,,,,,,,
Wayne's World,1992,,,,,,,,,,,,,,,,4,,http://letterboxd.com/film/waynes-world/
Where the Wild Things Are,2009,,Spike Jonze,,,,Dark Comedy,,,,,,,72,68,71,,5,http://letterboxd.com/film/where-the-wild-things-are/
Who Am I,1998,,Benny Chan,,,,Action,,,,,,,,,,,,
Yojimbo,1961,,Akira Kurosawa,,,,Asian,,,,,,,,,,,,
Who Framed Roger Rabbit,1988,,,,,,,,,,,,,,,,3.5,,http://letterboxd.com/film/who-framed-roger-rabbit/
World War Z,2013,,,,,,,,,,,,,,,,3.5,,http://letterboxd.com/film/world-war-z/
Wreck-It Ralph,2012,,,,,,,,,,,,,,,,3.5,,http://letterboxd.com/film/wreck-it-ralph/
Zodiac,2007,,David Fincher,,,,Suspense,,,,,,,,,,,3.5,http://letterboxd.com/film/zodiac/
X2: X-Men United,2003,,,,,,,,,,,,,,,,3,,http://letterboxd.com/film/x2-x-men-united/
X-Men,2000,,,,,,,,,,,,,,,,3.5,,http://letterboxd.com/film/x-men/
Zoolander,2001,,Ben Stiller,,,,Comedy,,,,,,,,,,3.5,4,http://letterboxd.com/film/zoolander/
Zombieland,2009,,,,,,,,,,,,,,,,3,,http://letterboxd.com/film/zombieland/
